AM;ΕΠΩΝΥΜΟ;ΟΝΟΜΑ
SR000001;ΕΠΩΝΥΜΟ 0001;ΟΝΟΜΑ 0001
SR000002;ΕΠΩΝΥΜΟ 0002;ΟΝΟΜΑ 0002
SR000003;ΕΠΩΝΥΜΟ 0003;ΟΝΟΜΑ 0003
SR000004;ΕΠΩΝΥΜΟ 0004;ΟΝΟΜΑ 0004
SR000005;ΕΠΩΝΥΜΟ 0005;ΟΝΟΜΑ 0005
SR000006;ΕΠΩΝΥΜΟ 0006;ΟΝΟΜΑ 0006
SR000007;ΕΠΩΝΥΜΟ 0007;ΟΝΟΜΑ 0007
SR000008;ΕΠΩΝΥΜΟ 0008;ΟΝΟΜΑ 0008
SR000009;ΕΠΩΝΥΜΟ 0009;ΟΝΟΜΑ 0009
SR000010;ΕΠΩΝΥΜΟ 0010;ΟΝΟΜΑ 0010
SR000011;ΕΠΩΝΥΜΟ 0011;ΟΝΟΜΑ 0011
SR000012;ΕΠΩΝΥΜΟ 0012;ΟΝΟΜΑ 0012
SR000013;ΕΠΩΝΥΜΟ 0013;ΟΝΟΜΑ 0013
SR000014;ΕΠΩΝΥΜΟ 0014;ΟΝΟΜΑ 0014
SR000015;ΕΠΩΝΥΜΟ 0015;ΟΝΟΜΑ 0015
SR000016;ΕΠΩΝΥΜΟ 0016;ΟΝΟΜΑ 0016
SR000017;ΕΠΩΝΥΜΟ 0017;ΟΝΟΜΑ 0017
SR000018;ΕΠΩΝΥΜΟ 0018;ΟΝΟΜΑ 0018
SR000019;ΕΠΩΝΥΜΟ 0019;ΟΝΟΜΑ 0019
SR000020;ΕΠΩΝΥΜΟ 0020;ΟΝΟΜΑ 0020
SR000021;ΕΠΩΝΥΜΟ 0021;ΟΝΟΜΑ 0021
SR000022;ΕΠΩΝΥΜΟ 0022;ΟΝΟΜΑ 0022
SR000023;ΕΠΩΝΥΜΟ 0023;ΟΝΟΜΑ 0023
SR000024;ΕΠΩΝΥΜΟ 0024;ΟΝΟΜΑ 0024
SR000025;ΕΠΩΝΥΜΟ 0025;ΟΝΟΜΑ 0025
SR000026;ΕΠΩΝΥΜΟ 0026;ΟΝΟΜΑ 0026
SR000027;ΕΠΩΝΥΜΟ 0027;ΟΝΟΜΑ 0027
SR000028;ΕΠΩΝΥΜΟ 0028;ΟΝΟΜΑ 0028
SR000029;ΕΠΩΝΥΜΟ 0029;ΟΝΟΜΑ 0029
SR000030;ΕΠΩΝΥΜΟ 0030;ΟΝΟΜΑ 0030
SR000031;ΕΠΩΝΥΜΟ 0031;ΟΝΟΜΑ 0031
SR000032;ΕΠΩΝΥΜΟ 0032;ΟΝΟΜΑ 0032
SR000033;ΕΠΩΝΥΜΟ 0033;ΟΝΟΜΑ 0033
SR000034;ΕΠΩΝΥΜΟ 0034;ΟΝΟΜΑ 0034
SR000035;ΕΠΩΝΥΜΟ 0035;ΟΝΟΜΑ 0035
SR000036;ΕΠΩΝΥΜΟ 0036;ΟΝΟΜΑ 0036
SR000037;ΕΠΩΝΥΜΟ 0037;ΟΝΟΜΑ 0037
SR000038;ΕΠΩΝΥΜΟ 0038;ΟΝΟΜΑ 0038
SR000039;ΕΠΩΝΥΜΟ 0039;ΟΝΟΜΑ 0039
SR000040;ΕΠΩΝΥΜΟ 0040;ΟΝΟΜΑ 0040
SR000041;ΕΠΩΝΥΜΟ 0041;ΟΝΟΜΑ 0041
SR000042;ΕΠΩΝΥΜΟ 0042;ΟΝΟΜΑ 0042
SR000043;ΕΠΩΝΥΜΟ 0043;ΟΝΟΜΑ 0043
SR000044;ΕΠΩΝΥΜΟ 0044;ΟΝΟΜΑ 0044
SR000045;ΕΠΩΝΥΜΟ 0045;ΟΝΟΜΑ 0045
SR000046;ΕΠΩΝΥΜΟ 0046;ΟΝΟΜΑ 0046
SR000047;ΕΠΩΝΥΜΟ 0047;ΟΝΟΜΑ 0047
SR000048;ΕΠΩΝΥΜΟ 0048;ΟΝΟΜΑ 0048
SR000049;ΕΠΩΝΥΜΟ 0049;ΟΝΟΜΑ 0049
SR000050;ΕΠΩΝΥΜΟ 0050;ΟΝΟΜΑ 0050
SR000051;ΕΠΩΝΥΜΟ 0051;ΟΝΟΜΑ 0051
SR000052;ΕΠΩΝΥΜΟ 0052;ΟΝΟΜΑ 0052
SR000053;ΕΠΩΝΥΜΟ 0053;ΟΝΟΜΑ 0053
SR000054;ΕΠΩΝΥΜΟ 0054;ΟΝΟΜΑ 0054
SR000055;ΕΠΩΝΥΜΟ 0055;ΟΝΟΜΑ 0055
SR000056;ΕΠΩΝΥΜΟ 0056;ΟΝΟΜΑ 0056
SR000057;ΕΠΩΝΥΜΟ 0057;ΟΝΟΜΑ 0057
SR000058;ΕΠΩΝΥΜΟ 0058;ΟΝΟΜΑ 0058
SR000059;ΕΠΩΝΥΜΟ 0059;ΟΝΟΜΑ 0059
SR000060;ΕΠΩΝΥΜΟ 0060;ΟΝΟΜΑ 0060
SR000061;ΕΠΩΝΥΜΟ 0061;ΟΝΟΜΑ 0061
SR000062;ΕΠΩΝΥΜΟ 0062;ΟΝΟΜΑ 0062
SR000063;ΕΠΩΝΥΜΟ 0063;ΟΝΟΜΑ 0063
SR000064;ΕΠΩΝΥΜΟ 0064;ΟΝΟΜΑ 0064
SR000065;ΕΠΩΝΥΜΟ 0065;ΟΝΟΜΑ 0065
SR000066;ΕΠΩΝΥΜΟ 0066;ΟΝΟΜΑ 0066
SR000067;ΕΠΩΝΥΜΟ 0067;ΟΝΟΜΑ 0067
SR000068;ΕΠΩΝΥΜΟ 0068;ΟΝΟΜΑ 0068
SR000069;ΕΠΩΝΥΜΟ 0069;ΟΝΟΜΑ 0069
SR000070;ΕΠΩΝΥΜΟ 0070;ΟΝΟΜΑ 0070
SR000071;ΕΠΩΝΥΜΟ 0071;ΟΝΟΜΑ 0071
SR000072;ΕΠΩΝΥΜΟ 0072;ΟΝΟΜΑ 0072
SR000073;ΕΠΩΝΥΜΟ 0073;ΟΝΟΜΑ 0073
SR000074;ΕΠΩΝΥΜΟ 0074;ΟΝΟΜΑ 0074
SR000075;ΕΠΩΝΥΜΟ 0075;ΟΝΟΜΑ 0075
SR000076;ΕΠΩΝΥΜΟ 0076;ΟΝΟΜΑ 0076
SR000077;ΕΠΩΝΥΜΟ 0077;ΟΝΟΜΑ 0077
SR000078;ΕΠΩΝΥΜΟ 0078;ΟΝΟΜΑ 0078
SR000079;ΕΠΩΝΥΜΟ 0079;ΟΝΟΜΑ 0079
SR000080;ΕΠΩΝΥΜΟ 0080;ΟΝΟΜΑ 0080
SR000081;ΕΠΩΝΥΜΟ 0081;ΟΝΟΜΑ 0081
SR000082;ΕΠΩΝΥΜΟ 0082;ΟΝΟΜΑ 0082
SR000083;ΕΠΩΝΥΜΟ 0083;ΟΝΟΜΑ 0083
SR000084;ΕΠΩΝΥΜΟ 0084;ΟΝΟΜΑ 0084
SR000085;ΕΠΩΝΥΜΟ 0085;ΟΝΟΜΑ 0085
SR000086;ΕΠΩΝΥΜΟ 0086;ΟΝΟΜΑ 0086
SR000087;ΕΠΩΝΥΜΟ 0087;ΟΝΟΜΑ 0087
SR000088;ΕΠΩΝΥΜΟ 0088;ΟΝΟΜΑ 0088
SR000089;ΕΠΩΝΥΜΟ 0089;ΟΝΟΜΑ 0089
SR000090;ΕΠΩΝΥΜΟ 0090;ΟΝΟΜΑ 0090
SR000091;ΕΠΩΝΥΜΟ 0091;ΟΝΟΜΑ 0091
SR000092;ΕΠΩΝΥΜΟ 0092;ΟΝΟΜΑ 0092
SR000093;ΕΠΩΝΥΜΟ 0093;ΟΝΟΜΑ 0093
SR000094;ΕΠΩΝΥΜΟ 0094;ΟΝΟΜΑ 0094
SR000095;ΕΠΩΝΥΜΟ 0095;ΟΝΟΜΑ 0095
SR000096;ΕΠΩΝΥΜΟ 0096;ΟΝΟΜΑ 0096
SR000097;ΕΠΩΝΥΜΟ 0097;ΟΝΟΜΑ 0097
SR000098;ΕΠΩΝΥΜΟ 0098;ΟΝΟΜΑ 0098
SR000099;ΕΠΩΝΥΜΟ 0099;ΟΝΟΜΑ 0099
SR000100;ΕΠΩΝΥΜΟ 0100;ΟΝΟΜΑ 0100
SR000101;ΕΠΩΝΥΜΟ 0101;ΟΝΟΜΑ 0101
SR000102;ΕΠΩΝΥΜΟ 0102;ΟΝΟΜΑ 0102
SR000103;ΕΠΩΝΥΜΟ 0103;ΟΝΟΜΑ 0103
SR000104;ΕΠΩΝΥΜΟ 0104;ΟΝΟΜΑ 0104
SR000105;ΕΠΩΝΥΜΟ 0105;ΟΝΟΜΑ 0105
SR000106;ΕΠΩΝΥΜΟ 0106;ΟΝΟΜΑ 0106
SR000107;ΕΠΩΝΥΜΟ 0107;ΟΝΟΜΑ 0107
SR000108;ΕΠΩΝΥΜΟ 0108;ΟΝΟΜΑ 0108
SR000109;ΕΠΩΝΥΜΟ 0109;ΟΝΟΜΑ 0109
SR000110;ΕΠΩΝΥΜΟ 0110;ΟΝΟΜΑ 0110
SR000111;ΕΠΩΝΥΜΟ 0111;ΟΝΟΜΑ 0111
SR000112;ΕΠΩΝΥΜΟ 0112;ΟΝΟΜΑ 0112
SR000113;ΕΠΩΝΥΜΟ 0113;ΟΝΟΜΑ 0113
SR000114;ΕΠΩΝΥΜΟ 0114;ΟΝΟΜΑ 0114
SR000115;ΕΠΩΝΥΜΟ 0115;ΟΝΟΜΑ 0115
SR000116;ΕΠΩΝΥΜΟ 0116;ΟΝΟΜΑ 0116
SR000117;ΕΠΩΝΥΜΟ 0117;ΟΝΟΜΑ 0117
SR000118;ΕΠΩΝΥΜΟ 0118;ΟΝΟΜΑ 0118
SR000119;ΕΠΩΝΥΜΟ 0119;ΟΝΟΜΑ 0119
SR000120;ΕΠΩΝΥΜΟ 0120;ΟΝΟΜΑ 0120
SR000121;ΕΠΩΝΥΜΟ 0121;ΟΝΟΜΑ 0121
SR000122;ΕΠΩΝΥΜΟ 0122;ΟΝΟΜΑ 0122
SR000123;ΕΠΩΝΥΜΟ 0123;ΟΝΟΜΑ 0123
SR000124;ΕΠΩΝΥΜΟ 0124;ΟΝΟΜΑ 0124
SR000125;ΕΠΩΝΥΜΟ 0125;ΟΝΟΜΑ 0125
SR000126;ΕΠΩΝΥΜΟ 0126;ΟΝΟΜΑ 0126
SR000127;ΕΠΩΝΥΜΟ 0127;ΟΝΟΜΑ 0127
SR000128;ΕΠΩΝΥΜΟ 0128;ΟΝΟΜΑ 0128
SR000129;ΕΠΩΝΥΜΟ 0129;ΟΝΟΜΑ 0129
SR000130;ΕΠΩΝΥΜΟ 0130;ΟΝΟΜΑ 0130
SR000131;ΕΠΩΝΥΜΟ 0131;ΟΝΟΜΑ 0131
SR000132;ΕΠΩΝΥΜΟ 0132;ΟΝΟΜΑ 0132
SR000133;ΕΠΩΝΥΜΟ 0133;ΟΝΟΜΑ 0133
SR000134;ΕΠΩΝΥΜΟ 0134;ΟΝΟΜΑ 0134
SR000135;ΕΠΩΝΥΜΟ 0135;ΟΝΟΜΑ 0135
SR000136;ΕΠΩΝΥΜΟ 0136;ΟΝΟΜΑ 0136
SR000137;ΕΠΩΝΥΜΟ 0137;ΟΝΟΜΑ 0137
SR000138;ΕΠΩΝΥΜΟ 0138;ΟΝΟΜΑ 0138
SR000139;ΕΠΩΝΥΜΟ 0139;ΟΝΟΜΑ 0139
SR000140;ΕΠΩΝΥΜΟ 0140;ΟΝΟΜΑ 0140
SR000141;ΕΠΩΝΥΜΟ 0141;ΟΝΟΜΑ 0141
SR000142;ΕΠΩΝΥΜΟ 0142;ΟΝΟΜΑ 0142
SR000143;ΕΠΩΝΥΜΟ 0143;ΟΝΟΜΑ 0143
SR000144;ΕΠΩΝΥΜΟ 0144;ΟΝΟΜΑ 0144
SR000145;ΕΠΩΝΥΜΟ 0145;ΟΝΟΜΑ 0145
SR000146;ΕΠΩΝΥΜΟ 0146;ΟΝΟΜΑ 0146
SR000147;ΕΠΩΝΥΜΟ 0147;ΟΝΟΜΑ 0147
SR000148;ΕΠΩΝΥΜΟ 0148;ΟΝΟΜΑ 0148
SR000149;ΕΠΩΝΥΜΟ 0149;ΟΝΟΜΑ 0149
SR000150;ΕΠΩΝΥΜΟ 0150;ΟΝΟΜΑ 0150
SR000151;ΕΠΩΝΥΜΟ 0151;ΟΝΟΜΑ 0151
SR000152;ΕΠΩΝΥΜΟ 0152;ΟΝΟΜΑ 0152
SR000153;ΕΠΩΝΥΜΟ 0153;ΟΝΟΜΑ 0153
SR000154;ΕΠΩΝΥΜΟ 0154;ΟΝΟΜΑ 0154
SR000155;ΕΠΩΝΥΜΟ 0155;ΟΝΟΜΑ 0155
SR000156;ΕΠΩΝΥΜΟ 0156;ΟΝΟΜΑ 0156
SR000157;ΕΠΩΝΥΜΟ 0157;ΟΝΟΜΑ 0157
SR000158;ΕΠΩΝΥΜΟ 0158;ΟΝΟΜΑ 0158
SR000159;ΕΠΩΝΥΜΟ 0159;ΟΝΟΜΑ 0159
SR000160;ΕΠΩΝΥΜΟ 0160;ΟΝΟΜΑ 0160
SR000161;ΕΠΩΝΥΜΟ 0161;ΟΝΟΜΑ 0161
SR000162;ΕΠΩΝΥΜΟ 0162;ΟΝΟΜΑ 0162
SR000163;ΕΠΩΝΥΜΟ 0163;ΟΝΟΜΑ 0163
SR000164;ΕΠΩΝΥΜΟ 0164;ΟΝΟΜΑ 0164
SR000165;ΕΠΩΝΥΜΟ 0165;ΟΝΟΜΑ 0165
SR000166;ΕΠΩΝΥΜΟ 0166;ΟΝΟΜΑ 0166
SR000167;ΕΠΩΝΥΜΟ 0167;ΟΝΟΜΑ 0167
SR000168;ΕΠΩΝΥΜΟ 0168;ΟΝΟΜΑ 0168
SR000169;ΕΠΩΝΥΜΟ 0169;ΟΝΟΜΑ 0169
SR000170;ΕΠΩΝΥΜΟ 0170;ΟΝΟΜΑ 0170
SR000171;ΕΠΩΝΥΜΟ 0171;ΟΝΟΜΑ 0171
SR000172;ΕΠΩΝΥΜΟ 0172;ΟΝΟΜΑ 0172
SR000173;ΕΠΩΝΥΜΟ 0173;ΟΝΟΜΑ 0173
SR000174;ΕΠΩΝΥΜΟ 0174;ΟΝΟΜΑ 0174
SR000175;ΕΠΩΝΥΜΟ 0175;ΟΝΟΜΑ 0175
SR000176;ΕΠΩΝΥΜΟ 0176;ΟΝΟΜΑ 0176
SR000177;ΕΠΩΝΥΜΟ 0177;ΟΝΟΜΑ 0177
SR000178;ΕΠΩΝΥΜΟ 0178;ΟΝΟΜΑ 0178
SR000179;ΕΠΩΝΥΜΟ 0179;ΟΝΟΜΑ 0179
SR000180;ΕΠΩΝΥΜΟ 0180;ΟΝΟΜΑ 0180
SR000181;ΕΠΩΝΥΜΟ 0181;ΟΝΟΜΑ 0181
SR000182;ΕΠΩΝΥΜΟ 0182;ΟΝΟΜΑ 0182
SR000183;ΕΠΩΝΥΜΟ 0183;ΟΝΟΜΑ 0183
SR000184;ΕΠΩΝΥΜΟ 0184;ΟΝΟΜΑ 0184
SR000185;ΕΠΩΝΥΜΟ 0185;ΟΝΟΜΑ 0185
SR000186;ΕΠΩΝΥΜΟ 0186;ΟΝΟΜΑ 0186
SR000187;ΕΠΩΝΥΜΟ 0187;ΟΝΟΜΑ 0187
SR000188;ΕΠΩΝΥΜΟ 0188;ΟΝΟΜΑ 0188
SR000189;ΕΠΩΝΥΜΟ 0189;ΟΝΟΜΑ 0189
SR000190;ΕΠΩΝΥΜΟ 0190;ΟΝΟΜΑ 0190
SR000191;ΕΠΩΝΥΜΟ 0191;ΟΝΟΜΑ 0191
SR000192;ΕΠΩΝΥΜΟ 0192;ΟΝΟΜΑ 0192
SR000193;ΕΠΩΝΥΜΟ 0193;ΟΝΟΜΑ 0193
SR000194;ΕΠΩΝΥΜΟ 0194;ΟΝΟΜΑ 0194
SR000195;ΕΠΩΝΥΜΟ 0195;ΟΝΟΜΑ 0195
SR000196;ΕΠΩΝΥΜΟ 0196;ΟΝΟΜΑ 0196
SR000197;ΕΠΩΝΥΜΟ 0197;ΟΝΟΜΑ 0197
SR000198;ΕΠΩΝΥΜΟ 0198;ΟΝΟΜΑ 0198
SR000199;ΕΠΩΝΥΜΟ 0199;ΟΝΟΜΑ 0199
SR000200;ΕΠΩΝΥΜΟ 0200;ΟΝΟΜΑ 0200
SR000201;ΕΠΩΝΥΜΟ 0201;ΟΝΟΜΑ 0201
SR000202;ΕΠΩΝΥΜΟ 0202;ΟΝΟΜΑ 0202
SR000203;ΕΠΩΝΥΜΟ 0203;ΟΝΟΜΑ 0203
SR000204;ΕΠΩΝΥΜΟ 0204;ΟΝΟΜΑ 0204
SR000205;ΕΠΩΝΥΜΟ 0205;ΟΝΟΜΑ 0205
SR000206;ΕΠΩΝΥΜΟ 0206;ΟΝΟΜΑ 0206
SR000207;ΕΠΩΝΥΜΟ 0207;ΟΝΟΜΑ 0207
SR000208;ΕΠΩΝΥΜΟ 0208;ΟΝΟΜΑ 0208
SR000209;ΕΠΩΝΥΜΟ 0209;ΟΝΟΜΑ 0209
SR000210;ΕΠΩΝΥΜΟ 0210;ΟΝΟΜΑ 0210
SR000211;ΕΠΩΝΥΜΟ 0211;ΟΝΟΜΑ 0211
SR000212;ΕΠΩΝΥΜΟ 0212;ΟΝΟΜΑ 0212
SR000213;ΕΠΩΝΥΜΟ 0213;ΟΝΟΜΑ 0213
SR000214;ΕΠΩΝΥΜΟ 0214;ΟΝΟΜΑ 0214
SR000215;ΕΠΩΝΥΜΟ 0215;ΟΝΟΜΑ 0215
SR000216;ΕΠΩΝΥΜΟ 0216;ΟΝΟΜΑ 0216
SR000217;ΕΠΩΝΥΜΟ 0217;ΟΝΟΜΑ 0217
SR000218;ΕΠΩΝΥΜΟ 0218;ΟΝΟΜΑ 0218
SR000219;ΕΠΩΝΥΜΟ 0219;ΟΝΟΜΑ 0219
SR000220;ΕΠΩΝΥΜΟ 0220;ΟΝΟΜΑ 0220
SR000221;ΕΠΩΝΥΜΟ 0221;ΟΝΟΜΑ 0221
SR000222;ΕΠΩΝΥΜΟ 0222;ΟΝΟΜΑ 0222
SR000223;ΕΠΩΝΥΜΟ 0223;ΟΝΟΜΑ 0223
SR000224;ΕΠΩΝΥΜΟ 0224;ΟΝΟΜΑ 0224
SR000225;ΕΠΩΝΥΜΟ 0225;ΟΝΟΜΑ 0225
SR000226;ΕΠΩΝΥΜΟ 0226;ΟΝΟΜΑ 0226
SR000227;ΕΠΩΝΥΜΟ 0227;ΟΝΟΜΑ 0227
SR000228;ΕΠΩΝΥΜΟ 0228;ΟΝΟΜΑ 0228
SR000229;ΕΠΩΝΥΜΟ 0229;ΟΝΟΜΑ 0229
SR000230;ΕΠΩΝΥΜΟ 0230;ΟΝΟΜΑ 0230
SR000231;ΕΠΩΝΥΜΟ 0231;ΟΝΟΜΑ 0231
SR000232;ΕΠΩΝΥΜΟ 0232;ΟΝΟΜΑ 0232
SR000233;ΕΠΩΝΥΜΟ 0233;ΟΝΟΜΑ 0233
SR000234;ΕΠΩΝΥΜΟ 0234;ΟΝΟΜΑ 0234
SR000235;ΕΠΩΝΥΜΟ 0235;ΟΝΟΜΑ 0235
SR000236;ΕΠΩΝΥΜΟ 0236;ΟΝΟΜΑ 0236
SR000237;ΕΠΩΝΥΜΟ 0237;ΟΝΟΜΑ 0237
SR000238;ΕΠΩΝΥΜΟ 0238;ΟΝΟΜΑ 0238
SR000239;ΕΠΩΝΥΜΟ 0239;ΟΝΟΜΑ 0239
SR000240;ΕΠΩΝΥΜΟ 0240;ΟΝΟΜΑ 0240
SR000241;ΕΠΩΝΥΜΟ 0241;ΟΝΟΜΑ 0241
SR000242;ΕΠΩΝΥΜΟ 0242;ΟΝΟΜΑ 0242
SR000243;ΕΠΩΝΥΜΟ 0243;ΟΝΟΜΑ 0243
SR000244;ΕΠΩΝΥΜΟ 0244;ΟΝΟΜΑ 0244
SR000245;ΕΠΩΝΥΜΟ 0245;ΟΝΟΜΑ 0245
SR000246;ΕΠΩΝΥΜΟ 0246;ΟΝΟΜΑ 0246
SR000247;ΕΠΩΝΥΜΟ 0247;ΟΝΟΜΑ 0247
SR000248;ΕΠΩΝΥΜΟ 0248;ΟΝΟΜΑ 0248
SR000249;ΕΠΩΝΥΜΟ 0249;ΟΝΟΜΑ 0249
SR000250;ΕΠΩΝΥΜΟ 0250;ΟΝΟΜΑ 0250
SR000251;ΕΠΩΝΥΜΟ 0251;ΟΝΟΜΑ 0251
SR000252;ΕΠΩΝΥΜΟ 0252;ΟΝΟΜΑ 0252
SR000253;ΕΠΩΝΥΜΟ 0253;ΟΝΟΜΑ 0253
SR000254;ΕΠΩΝΥΜΟ 0254;ΟΝΟΜΑ 0254
SR000255;ΕΠΩΝΥΜΟ 0255;ΟΝΟΜΑ 0255
SR000256;ΕΠΩΝΥΜΟ 0256;ΟΝΟΜΑ 0256
SR000257;ΕΠΩΝΥΜΟ 0257;ΟΝΟΜΑ 0257
SR000258;ΕΠΩΝΥΜΟ 0258;ΟΝΟΜΑ 0258
SR000259;ΕΠΩΝΥΜΟ 0259;ΟΝΟΜΑ 0259
SR000260;ΕΠΩΝΥΜΟ 0260;ΟΝΟΜΑ 0260
SR000261;ΕΠΩΝΥΜΟ 0261;ΟΝΟΜΑ 0261
SR000262;ΕΠΩΝΥΜΟ 0262;ΟΝΟΜΑ 0262
SR000263;ΕΠΩΝΥΜΟ 0263;ΟΝΟΜΑ 0263
SR000264;ΕΠΩΝΥΜΟ 0264;ΟΝΟΜΑ 0264
SR000265;ΕΠΩΝΥΜΟ 0265;ΟΝΟΜΑ 0265
SR000266;ΕΠΩΝΥΜΟ 0266;ΟΝΟΜΑ 0266
SR000267;ΕΠΩΝΥΜΟ 0267;ΟΝΟΜΑ 0267
SR000268;ΕΠΩΝΥΜΟ 0268;ΟΝΟΜΑ 0268
SR000269;ΕΠΩΝΥΜΟ 0269;ΟΝΟΜΑ 0269
SR000270;ΕΠΩΝΥΜΟ 0270;ΟΝΟΜΑ 0270
SR000271;ΕΠΩΝΥΜΟ 0271;ΟΝΟΜΑ 0271
SR000272;ΕΠΩΝΥΜΟ 0272;ΟΝΟΜΑ 0272
SR000273;ΕΠΩΝΥΜΟ 0273;ΟΝΟΜΑ 0273
SR000274;ΕΠΩΝΥΜΟ 0274;ΟΝΟΜΑ 0274
SR000275;ΕΠΩΝΥΜΟ 0275;ΟΝΟΜΑ 0275
SR000276;ΕΠΩΝΥΜΟ 0276;ΟΝΟΜΑ 0276
SR000277;ΕΠΩΝΥΜΟ 0277;ΟΝΟΜΑ 0277
SR000278;ΕΠΩΝΥΜΟ 0278;ΟΝΟΜΑ 0278
SR000279;ΕΠΩΝΥΜΟ 0279;ΟΝΟΜΑ 0279
SR000280;ΕΠΩΝΥΜΟ 0280;ΟΝΟΜΑ 0280
SR000281;ΕΠΩΝΥΜΟ 0281;ΟΝΟΜΑ 0281
SR000282;ΕΠΩΝΥΜΟ 0282;ΟΝΟΜΑ 0282
SR000283;ΕΠΩΝΥΜΟ 0283;ΟΝΟΜΑ 0283
SR000284;ΕΠΩΝΥΜΟ 0284;ΟΝΟΜΑ 0284
SR000285;ΕΠΩΝΥΜΟ 0285;ΟΝΟΜΑ 0285
SR000286;ΕΠΩΝΥΜΟ 0286;ΟΝΟΜΑ 0286
SR000287;ΕΠΩΝΥΜΟ 0287;ΟΝΟΜΑ 0287
SR000288;ΕΠΩΝΥΜΟ 0288;ΟΝΟΜΑ 0288
SR000289;ΕΠΩΝΥΜΟ 0289;ΟΝΟΜΑ 0289
SR000290;ΕΠΩΝΥΜΟ 0290;ΟΝΟΜΑ 0290
SR000291;ΕΠΩΝΥΜΟ 0291;ΟΝΟΜΑ 0291
SR000292;ΕΠΩΝΥΜΟ 0292;ΟΝΟΜΑ 0292
SR000293;ΕΠΩΝΥΜΟ 0293;ΟΝΟΜΑ 0293
SR000294;ΕΠΩΝΥΜΟ 0294;ΟΝΟΜΑ 0294
SR000295;ΕΠΩΝΥΜΟ 0295;ΟΝΟΜΑ 0295
SR000296;ΕΠΩΝΥΜΟ 0296;ΟΝΟΜΑ 0296
SR000297;ΕΠΩΝΥΜΟ 0297;ΟΝΟΜΑ 0297
SR000298;ΕΠΩΝΥΜΟ 0298;ΟΝΟΜΑ 0298
SR000299;ΕΠΩΝΥΜΟ 0299;ΟΝΟΜΑ 0299
SR000300;ΕΠΩΝΥΜΟ 0300;ΟΝΟΜΑ 0300
SR000301;ΕΠΩΝΥΜΟ 0301;ΟΝΟΜΑ 0301
SR000302;ΕΠΩΝΥΜΟ 0302;ΟΝΟΜΑ 0302
SR000303;ΕΠΩΝΥΜΟ 0303;ΟΝΟΜΑ 0303
SR000304;ΕΠΩΝΥΜΟ 0304;ΟΝΟΜΑ 0304
SR000305;ΕΠΩΝΥΜΟ 0305;ΟΝΟΜΑ 0305
SR000306;ΕΠΩΝΥΜΟ 0306;ΟΝΟΜΑ 0306
SR000307;ΕΠΩΝΥΜΟ 0307;ΟΝΟΜΑ 0307
SR000308;ΕΠΩΝΥΜΟ 0308;ΟΝΟΜΑ 0308
SR000309;ΕΠΩΝΥΜΟ 0309;ΟΝΟΜΑ 0309
SR000310;ΕΠΩΝΥΜΟ 0310;ΟΝΟΜΑ 0310
SR000311;ΕΠΩΝΥΜΟ 0311;ΟΝΟΜΑ 0311
SR000312;ΕΠΩΝΥΜΟ 0312;ΟΝΟΜΑ 0312
SR000313;ΕΠΩΝΥΜΟ 0313;ΟΝΟΜΑ 0313
SR000314;ΕΠΩΝΥΜΟ 0314;ΟΝΟΜΑ 0314
SR000315;ΕΠΩΝΥΜΟ 0315;ΟΝΟΜΑ 0315
SR000316;ΕΠΩΝΥΜΟ 0316;ΟΝΟΜΑ 0316
SR000317;ΕΠΩΝΥΜΟ 0317;ΟΝΟΜΑ 0317
SR000318;ΕΠΩΝΥΜΟ 0318;ΟΝΟΜΑ 0318
SR000319;ΕΠΩΝΥΜΟ 0319;ΟΝΟΜΑ 0319
SR000320;ΕΠΩΝΥΜΟ 0320;ΟΝΟΜΑ 0320
SR000321;ΕΠΩΝΥΜΟ 0321;ΟΝΟΜΑ 0321
SR000322;ΕΠΩΝΥΜΟ 0322;ΟΝΟΜΑ 0322
SR000323;ΕΠΩΝΥΜΟ 0323;ΟΝΟΜΑ 0323
SR000324;ΕΠΩΝΥΜΟ 0324;ΟΝΟΜΑ 0324
SR000325;ΕΠΩΝΥΜΟ 0325;ΟΝΟΜΑ 0325
SR000326;ΕΠΩΝΥΜΟ 0326;ΟΝΟΜΑ 0326
SR000327;ΕΠΩΝΥΜΟ 0327;ΟΝΟΜΑ 0327
SR000328;ΕΠΩΝΥΜΟ 0328;ΟΝΟΜΑ 0328
SR000329;ΕΠΩΝΥΜΟ 0329;ΟΝΟΜΑ 0329
SR000330;ΕΠΩΝΥΜΟ 0330;ΟΝΟΜΑ 0330
SR000331;ΕΠΩΝΥΜΟ 0331;ΟΝΟΜΑ 0331
SR000332;ΕΠΩΝΥΜΟ 0332;ΟΝΟΜΑ 0332
SR000333;ΕΠΩΝΥΜΟ 0333;ΟΝΟΜΑ 0333
SR000334;ΕΠΩΝΥΜΟ 0334;ΟΝΟΜΑ 0334
SR000335;ΕΠΩΝΥΜΟ 0335;ΟΝΟΜΑ 0335
SR000336;ΕΠΩΝΥΜΟ 0336;ΟΝΟΜΑ 0336
SR000337;ΕΠΩΝΥΜΟ 0337;ΟΝΟΜΑ 0337
SR000338;ΕΠΩΝΥΜΟ 0338;ΟΝΟΜΑ 0338
SR000339;ΕΠΩΝΥΜΟ 0339;ΟΝΟΜΑ 0339
SR000340;ΕΠΩΝΥΜΟ 0340;ΟΝΟΜΑ 0340
SR000341;ΕΠΩΝΥΜΟ 0341;ΟΝΟΜΑ 0341
SR000342;ΕΠΩΝΥΜΟ 0342;ΟΝΟΜΑ 0342
SR000343;ΕΠΩΝΥΜΟ 0343;ΟΝΟΜΑ 0343
SR000344;ΕΠΩΝΥΜΟ 0344;ΟΝΟΜΑ 0344
SR000345;ΕΠΩΝΥΜΟ 0345;ΟΝΟΜΑ 0345
SR000346;ΕΠΩΝΥΜΟ 0346;ΟΝΟΜΑ 0346
SR000347;ΕΠΩΝΥΜΟ 0347;ΟΝΟΜΑ 0347
SR000348;ΕΠΩΝΥΜΟ 0348;ΟΝΟΜΑ 0348
SR000349;ΕΠΩΝΥΜΟ 0349;ΟΝΟΜΑ 0349
SR000350;ΕΠΩΝΥΜΟ 0350;ΟΝΟΜΑ 0350
SR000351;ΕΠΩΝΥΜΟ 0351;ΟΝΟΜΑ 0351
SR000352;ΕΠΩΝΥΜΟ 0352;ΟΝΟΜΑ 0352
SR000353;ΕΠΩΝΥΜΟ 0353;ΟΝΟΜΑ 0353
SR000354;ΕΠΩΝΥΜΟ 0354;ΟΝΟΜΑ 0354
SR000355;ΕΠΩΝΥΜΟ 0355;ΟΝΟΜΑ 0355
SR000356;ΕΠΩΝΥΜΟ 0356;ΟΝΟΜΑ 0356
SR000357;ΕΠΩΝΥΜΟ 0357;ΟΝΟΜΑ 0357
SR000358;ΕΠΩΝΥΜΟ 0358;ΟΝΟΜΑ 0358
SR000359;ΕΠΩΝΥΜΟ 0359;ΟΝΟΜΑ 0359
SR000360;ΕΠΩΝΥΜΟ 0360;ΟΝΟΜΑ 0360
SR000361;ΕΠΩΝΥΜΟ 0361;ΟΝΟΜΑ 0361
SR000362;ΕΠΩΝΥΜΟ 0362;ΟΝΟΜΑ 0362
SR000363;ΕΠΩΝΥΜΟ 0363;ΟΝΟΜΑ 0363
SR000364;ΕΠΩΝΥΜΟ 0364;ΟΝΟΜΑ 0364
SR000365;ΕΠΩΝΥΜΟ 0365;ΟΝΟΜΑ 0365
SR000366;ΕΠΩΝΥΜΟ 0366;ΟΝΟΜΑ 0366
SR000367;ΕΠΩΝΥΜΟ 0367;ΟΝΟΜΑ 0367
SR000368;ΕΠΩΝΥΜΟ 0368;ΟΝΟΜΑ 0368
SR000369;ΕΠΩΝΥΜΟ 0369;ΟΝΟΜΑ 0369
SR000370;ΕΠΩΝΥΜΟ 0370;ΟΝΟΜΑ 0370
SR000371;ΕΠΩΝΥΜΟ 0371;ΟΝΟΜΑ 0371
SR000372;ΕΠΩΝΥΜΟ 0372;ΟΝΟΜΑ 0372
SR000373;ΕΠΩΝΥΜΟ 0373;ΟΝΟΜΑ 0373
SR000374;ΕΠΩΝΥΜΟ 0374;ΟΝΟΜΑ 0374
SR000375;ΕΠΩΝΥΜΟ 0375;ΟΝΟΜΑ 0375
SR000376;ΕΠΩΝΥΜΟ 0376;ΟΝΟΜΑ 0376
SR000377;ΕΠΩΝΥΜΟ 0377;ΟΝΟΜΑ 0377
SR000378;ΕΠΩΝΥΜΟ 0378;ΟΝΟΜΑ 0378
SR000379;ΕΠΩΝΥΜΟ 0379;ΟΝΟΜΑ 0379
SR000380;ΕΠΩΝΥΜΟ 0380;ΟΝΟΜΑ 0380
SR000381;ΕΠΩΝΥΜΟ 0381;ΟΝΟΜΑ 0381
SR000382;ΕΠΩΝΥΜΟ 0382;ΟΝΟΜΑ 0382
SR000383;ΕΠΩΝΥΜΟ 0383;ΟΝΟΜΑ 0383
SR000384;ΕΠΩΝΥΜΟ 0384;ΟΝΟΜΑ 0384
SR000385;ΕΠΩΝΥΜΟ 0385;ΟΝΟΜΑ 0385
SR000386;ΕΠΩΝΥΜΟ 0386;ΟΝΟΜΑ 0386
SR000387;ΕΠΩΝΥΜΟ 0387;ΟΝΟΜΑ 0387
SR000388;ΕΠΩΝΥΜΟ 0388;ΟΝΟΜΑ 0388
SR000389;ΕΠΩΝΥΜΟ 0389;ΟΝΟΜΑ 0389
SR000390;ΕΠΩΝΥΜΟ 0390;ΟΝΟΜΑ 0390
SR000391;ΕΠΩΝΥΜΟ 0391;ΟΝΟΜΑ 0391
SR000392;ΕΠΩΝΥΜΟ 0392;ΟΝΟΜΑ 0392
SR000393;ΕΠΩΝΥΜΟ 0393;ΟΝΟΜΑ 0393
SR000394;ΕΠΩΝΥΜΟ 0394;ΟΝΟΜΑ 0394
SR000395;ΕΠΩΝΥΜΟ 0395;ΟΝΟΜΑ 0395
SR000396;ΕΠΩΝΥΜΟ 0396;ΟΝΟΜΑ 0396
SR000397;ΕΠΩΝΥΜΟ 0397;ΟΝΟΜΑ 0397
SR000398;ΕΠΩΝΥΜΟ 0398;ΟΝΟΜΑ 0398
SR000399;ΕΠΩΝΥΜΟ 0399;ΟΝΟΜΑ 0399
SR000400;ΕΠΩΝΥΜΟ 0400;ΟΝΟΜΑ 0400
SR000401;ΕΠΩΝΥΜΟ 0401;ΟΝΟΜΑ 0401
SR000402;ΕΠΩΝΥΜΟ 0402;ΟΝΟΜΑ 0402
SR000403;ΕΠΩΝΥΜΟ 0403;ΟΝΟΜΑ 0403
SR000404;ΕΠΩΝΥΜΟ 0404;ΟΝΟΜΑ 0404
SR000405;ΕΠΩΝΥΜΟ 0405;ΟΝΟΜΑ 0405
SR000406;ΕΠΩΝΥΜΟ 0406;ΟΝΟΜΑ 0406
SR000407;ΕΠΩΝΥΜΟ 0407;ΟΝΟΜΑ 0407
SR000408;ΕΠΩΝΥΜΟ 0408;ΟΝΟΜΑ 0408
SR000409;ΕΠΩΝΥΜΟ 0409;ΟΝΟΜΑ 0409
SR000410;ΕΠΩΝΥΜΟ 0410;ΟΝΟΜΑ 0410
SR000411;ΕΠΩΝΥΜΟ 0411;ΟΝΟΜΑ 0411
SR000412;ΕΠΩΝΥΜΟ 0412;ΟΝΟΜΑ 0412
SR000413;ΕΠΩΝΥΜΟ 0413;ΟΝΟΜΑ 0413
SR000414;ΕΠΩΝΥΜΟ 0414;ΟΝΟΜΑ 0414
SR000415;ΕΠΩΝΥΜΟ 0415;ΟΝΟΜΑ 0415
SR000416;ΕΠΩΝΥΜΟ 0416;ΟΝΟΜΑ 0416
SR000417;ΕΠΩΝΥΜΟ 0417;ΟΝΟΜΑ 0417
SR000418;ΕΠΩΝΥΜΟ 0418;ΟΝΟΜΑ 0418
SR000419;ΕΠΩΝΥΜΟ 0419;ΟΝΟΜΑ 0419
SR000420;ΕΠΩΝΥΜΟ 0420;ΟΝΟΜΑ 0420
SR000421;ΕΠΩΝΥΜΟ 0421;ΟΝΟΜΑ 0421
SR000422;ΕΠΩΝΥΜΟ 0422;ΟΝΟΜΑ 0422
SR000423;ΕΠΩΝΥΜΟ 0423;ΟΝΟΜΑ 0423
SR000424;ΕΠΩΝΥΜΟ 0424;ΟΝΟΜΑ 0424
SR000425;ΕΠΩΝΥΜΟ 0425;ΟΝΟΜΑ 0425
SR000426;ΕΠΩΝΥΜΟ 0426;ΟΝΟΜΑ 0426
SR000427;ΕΠΩΝΥΜΟ 0427;ΟΝΟΜΑ 0427
SR000428;ΕΠΩΝΥΜΟ 0428;ΟΝΟΜΑ 0428
SR000429;ΕΠΩΝΥΜΟ 0429;ΟΝΟΜΑ 0429
SR000430;ΕΠΩΝΥΜΟ 0430;ΟΝΟΜΑ 0430
SR000431;ΕΠΩΝΥΜΟ 0431;ΟΝΟΜΑ 0431
SR000432;ΕΠΩΝΥΜΟ 0432;ΟΝΟΜΑ 0432
SR000433;ΕΠΩΝΥΜΟ 0433;ΟΝΟΜΑ 0433
SR000434;ΕΠΩΝΥΜΟ 0434;ΟΝΟΜΑ 0434
SR000435;ΕΠΩΝΥΜΟ 0435;ΟΝΟΜΑ 0435
SR000436;ΕΠΩΝΥΜΟ 0436;ΟΝΟΜΑ 0436
SR000437;ΕΠΩΝΥΜΟ 0437;ΟΝΟΜΑ 0437
SR000438;ΕΠΩΝΥΜΟ 0438;ΟΝΟΜΑ 0438
SR000439;ΕΠΩΝΥΜΟ 0439;ΟΝΟΜΑ 0439
SR000440;ΕΠΩΝΥΜΟ 0440;ΟΝΟΜΑ 0440
SR000441;ΕΠΩΝΥΜΟ 0441;ΟΝΟΜΑ 0441
SR000442;ΕΠΩΝΥΜΟ 0442;ΟΝΟΜΑ 0442
SR000443;ΕΠΩΝΥΜΟ 0443;ΟΝΟΜΑ 0443
SR000444;ΕΠΩΝΥΜΟ 0444;ΟΝΟΜΑ 0444
SR000445;ΕΠΩΝΥΜΟ 0445;ΟΝΟΜΑ 0445
SR000446;ΕΠΩΝΥΜΟ 0446;ΟΝΟΜΑ 0446
SR000447;ΕΠΩΝΥΜΟ 0447;ΟΝΟΜΑ 0447
SR000448;ΕΠΩΝΥΜΟ 0448;ΟΝΟΜΑ 0448
SR000449;ΕΠΩΝΥΜΟ 0449;ΟΝΟΜΑ 0449
SR000450;ΕΠΩΝΥΜΟ 0450;ΟΝΟΜΑ 0450
SR000451;ΕΠΩΝΥΜΟ 0451;ΟΝΟΜΑ 0451
SR000452;ΕΠΩΝΥΜΟ 0452;ΟΝΟΜΑ 0452
SR000453;ΕΠΩΝΥΜΟ 0453;ΟΝΟΜΑ 0453
SR000454;ΕΠΩΝΥΜΟ 0454;ΟΝΟΜΑ 0454
SR000455;ΕΠΩΝΥΜΟ 0455;ΟΝΟΜΑ 0455
SR000456;ΕΠΩΝΥΜΟ 0456;ΟΝΟΜΑ 0456
SR000457;ΕΠΩΝΥΜΟ 0457;ΟΝΟΜΑ 0457
SR000458;ΕΠΩΝΥΜΟ 0458;ΟΝΟΜΑ 0458
SR000459;ΕΠΩΝΥΜΟ 0459;ΟΝΟΜΑ 0459
SR000460;ΕΠΩΝΥΜΟ 0460;ΟΝΟΜΑ 0460
SR000461;ΕΠΩΝΥΜΟ 0461;ΟΝΟΜΑ 0461
SR000462;ΕΠΩΝΥΜΟ 0462;ΟΝΟΜΑ 0462
SR000463;ΕΠΩΝΥΜΟ 0463;ΟΝΟΜΑ 0463
SR000464;ΕΠΩΝΥΜΟ 0464;ΟΝΟΜΑ 0464
SR000465;ΕΠΩΝΥΜΟ 0465;ΟΝΟΜΑ 0465
SR000466;ΕΠΩΝΥΜΟ 0466;ΟΝΟΜΑ 0466
SR000467;ΕΠΩΝΥΜΟ 0467;ΟΝΟΜΑ 0467
SR000468;ΕΠΩΝΥΜΟ 0468;ΟΝΟΜΑ 0468
SR000469;ΕΠΩΝΥΜΟ 0469;ΟΝΟΜΑ 0469
SR000470;ΕΠΩΝΥΜΟ 0470;ΟΝΟΜΑ 0470
SR000471;ΕΠΩΝΥΜΟ 0471;ΟΝΟΜΑ 0471
SR000472;ΕΠΩΝΥΜΟ 0472;ΟΝΟΜΑ 0472
SR000473;ΕΠΩΝΥΜΟ 0473;ΟΝΟΜΑ 0473
SR000474;ΕΠΩΝΥΜΟ 0474;ΟΝΟΜΑ 0474
SR000475;ΕΠΩΝΥΜΟ 0475;ΟΝΟΜΑ 0475
SR000476;ΕΠΩΝΥΜΟ 0476;ΟΝΟΜΑ 0476
SR000477;ΕΠΩΝΥΜΟ 0477;ΟΝΟΜΑ 0477
SR000478;ΕΠΩΝΥΜΟ 0478;ΟΝΟΜΑ 0478
SR000479;ΕΠΩΝΥΜΟ 0479;ΟΝΟΜΑ 0479
SR000480;ΕΠΩΝΥΜΟ 0480;ΟΝΟΜΑ 0480
SR000481;ΕΠΩΝΥΜΟ 0481;ΟΝΟΜΑ 0481
SR000482;ΕΠΩΝΥΜΟ 0482;ΟΝΟΜΑ 0482
SR000483;ΕΠΩΝΥΜΟ 0483;ΟΝΟΜΑ 0483
SR000484;ΕΠΩΝΥΜΟ 0484;ΟΝΟΜΑ 0484
SR000485;ΕΠΩΝΥΜΟ 0485;ΟΝΟΜΑ 0485
SR000486;ΕΠΩΝΥΜΟ 0486;ΟΝΟΜΑ 0486
SR000487;ΕΠΩΝΥΜΟ 0487;ΟΝΟΜΑ 0487
SR000488;ΕΠΩΝΥΜΟ 0488;ΟΝΟΜΑ 0488
SR000489;ΕΠΩΝΥΜΟ 0489;ΟΝΟΜΑ 0489
SR000490;ΕΠΩΝΥΜΟ 0490;ΟΝΟΜΑ 0490
SR000491;ΕΠΩΝΥΜΟ 0491;ΟΝΟΜΑ 0491
SR000492;ΕΠΩΝΥΜΟ 0492;ΟΝΟΜΑ 0492
SR000493;ΕΠΩΝΥΜΟ 0493;ΟΝΟΜΑ 0493
SR000494;ΕΠΩΝΥΜΟ 0494;ΟΝΟΜΑ 0494
SR000495;ΕΠΩΝΥΜΟ 0495;ΟΝΟΜΑ 0495
SR000496;ΕΠΩΝΥΜΟ 0496;ΟΝΟΜΑ 0496
SR000497;ΕΠΩΝΥΜΟ 0497;ΟΝΟΜΑ 0497
SR000498;ΕΠΩΝΥΜΟ 0498;ΟΝΟΜΑ 0498
SR000499;ΕΠΩΝΥΜΟ 0499;ΟΝΟΜΑ 0499
SR000500;ΕΠΩΝΥΜΟ 0500;ΟΝΟΜΑ 0500
SR000501;ΕΠΩΝΥΜΟ 0501;ΟΝΟΜΑ 0501
SR000502;ΕΠΩΝΥΜΟ 0502;ΟΝΟΜΑ 0502
SR000503;ΕΠΩΝΥΜΟ 0503;ΟΝΟΜΑ 0503
SR000504;ΕΠΩΝΥΜΟ 0504;ΟΝΟΜΑ 0504
SR000505;ΕΠΩΝΥΜΟ 0505;ΟΝΟΜΑ 0505
SR000506;ΕΠΩΝΥΜΟ 0506;ΟΝΟΜΑ 0506
SR000507;ΕΠΩΝΥΜΟ 0507;ΟΝΟΜΑ 0507
SR000508;ΕΠΩΝΥΜΟ 0508;ΟΝΟΜΑ 0508
SR000509;ΕΠΩΝΥΜΟ 0509;ΟΝΟΜΑ 0509
SR000510;ΕΠΩΝΥΜΟ 0510;ΟΝΟΜΑ 0510
SR000511;ΕΠΩΝΥΜΟ 0511;ΟΝΟΜΑ 0511
SR000512;ΕΠΩΝΥΜΟ 0512;ΟΝΟΜΑ 0512
SR000513;ΕΠΩΝΥΜΟ 0513;ΟΝΟΜΑ 0513
SR000514;ΕΠΩΝΥΜΟ 0514;ΟΝΟΜΑ 0514
SR000515;ΕΠΩΝΥΜΟ 0515;ΟΝΟΜΑ 0515
SR000516;ΕΠΩΝΥΜΟ 0516;ΟΝΟΜΑ 0516
SR000517;ΕΠΩΝΥΜΟ 0517;ΟΝΟΜΑ 0517
SR000518;ΕΠΩΝΥΜΟ 0518;ΟΝΟΜΑ 0518
SR000519;ΕΠΩΝΥΜΟ 0519;ΟΝΟΜΑ 0519
SR000520;ΕΠΩΝΥΜΟ 0520;ΟΝΟΜΑ 0520
SR000521;ΕΠΩΝΥΜΟ 0521;ΟΝΟΜΑ 0521
SR000522;ΕΠΩΝΥΜΟ 0522;ΟΝΟΜΑ 0522
SR000523;ΕΠΩΝΥΜΟ 0523;ΟΝΟΜΑ 0523
SR000524;ΕΠΩΝΥΜΟ 0524;ΟΝΟΜΑ 0524
SR000525;ΕΠΩΝΥΜΟ 0525;ΟΝΟΜΑ 0525
SR000526;ΕΠΩΝΥΜΟ 0526;ΟΝΟΜΑ 0526
SR000527;ΕΠΩΝΥΜΟ 0527;ΟΝΟΜΑ 0527
SR000528;ΕΠΩΝΥΜΟ 0528;ΟΝΟΜΑ 0528
SR000529;ΕΠΩΝΥΜΟ 0529;ΟΝΟΜΑ 0529
SR000530;ΕΠΩΝΥΜΟ 0530;ΟΝΟΜΑ 0530
SR000531;ΕΠΩΝΥΜΟ 0531;ΟΝΟΜΑ 0531
SR000532;ΕΠΩΝΥΜΟ 0532;ΟΝΟΜΑ 0532
SR000533;ΕΠΩΝΥΜΟ 0533;ΟΝΟΜΑ 0533
SR000534;ΕΠΩΝΥΜΟ 0534;ΟΝΟΜΑ 0534
SR000535;ΕΠΩΝΥΜΟ 0535;ΟΝΟΜΑ 0535
SR000536;ΕΠΩΝΥΜΟ 0536;ΟΝΟΜΑ 0536
SR000537;ΕΠΩΝΥΜΟ 0537;ΟΝΟΜΑ 0537
SR000538;ΕΠΩΝΥΜΟ 0538;ΟΝΟΜΑ 0538
SR000539;ΕΠΩΝΥΜΟ 0539;ΟΝΟΜΑ 0539
SR000540;ΕΠΩΝΥΜΟ 0540;ΟΝΟΜΑ 0540
SR000541;ΕΠΩΝΥΜΟ 0541;ΟΝΟΜΑ 0541
SR000542;ΕΠΩΝΥΜΟ 0542;ΟΝΟΜΑ 0542
SR000543;ΕΠΩΝΥΜΟ 0543;ΟΝΟΜΑ 0543
SR000544;ΕΠΩΝΥΜΟ 0544;ΟΝΟΜΑ 0544
SR000545;ΕΠΩΝΥΜΟ 0545;ΟΝΟΜΑ 0545
SR000546;ΕΠΩΝΥΜΟ 0546;ΟΝΟΜΑ 0546
SR000547;ΕΠΩΝΥΜΟ 0547;ΟΝΟΜΑ 0547
SR000548;ΕΠΩΝΥΜΟ 0548;ΟΝΟΜΑ 0548
SR000549;ΕΠΩΝΥΜΟ 0549;ΟΝΟΜΑ 0549
SR000550;ΕΠΩΝΥΜΟ 0550;ΟΝΟΜΑ 0550
SR000551;ΕΠΩΝΥΜΟ 0551;ΟΝΟΜΑ 0551
SR000552;ΕΠΩΝΥΜΟ 0552;ΟΝΟΜΑ 0552
SR000553;ΕΠΩΝΥΜΟ 0553;ΟΝΟΜΑ 0553
SR000554;ΕΠΩΝΥΜΟ 0554;ΟΝΟΜΑ 0554
SR000555;ΕΠΩΝΥΜΟ 0555;ΟΝΟΜΑ 0555
SR000556;ΕΠΩΝΥΜΟ 0556;ΟΝΟΜΑ 0556
SR000557;ΕΠΩΝΥΜΟ 0557;ΟΝΟΜΑ 0557
SR000558;ΕΠΩΝΥΜΟ 0558;ΟΝΟΜΑ 0558
SR000559;ΕΠΩΝΥΜΟ 0559;ΟΝΟΜΑ 0559
SR000560;ΕΠΩΝΥΜΟ 0560;ΟΝΟΜΑ 0560
SR000561;ΕΠΩΝΥΜΟ 0561;ΟΝΟΜΑ 0561
SR000562;ΕΠΩΝΥΜΟ 0562;ΟΝΟΜΑ 0562
SR000563;ΕΠΩΝΥΜΟ 0563;ΟΝΟΜΑ 0563
SR000564;ΕΠΩΝΥΜΟ 0564;ΟΝΟΜΑ 0564
SR000565;ΕΠΩΝΥΜΟ 0565;ΟΝΟΜΑ 0565
SR000566;ΕΠΩΝΥΜΟ 0566;ΟΝΟΜΑ 0566
SR000567;ΕΠΩΝΥΜΟ 0567;ΟΝΟΜΑ 0567
SR000568;ΕΠΩΝΥΜΟ 0568;ΟΝΟΜΑ 0568
SR000569;ΕΠΩΝΥΜΟ 0569;ΟΝΟΜΑ 0569
SR000570;ΕΠΩΝΥΜΟ 0570;ΟΝΟΜΑ 0570
SR000571;ΕΠΩΝΥΜΟ 0571;ΟΝΟΜΑ 0571
SR000572;ΕΠΩΝΥΜΟ 0572;ΟΝΟΜΑ 0572
SR000573;ΕΠΩΝΥΜΟ 0573;ΟΝΟΜΑ 0573
SR000574;ΕΠΩΝΥΜΟ 0574;ΟΝΟΜΑ 0574
SR000575;ΕΠΩΝΥΜΟ 0575;ΟΝΟΜΑ 0575
SR000576;ΕΠΩΝΥΜΟ 0576;ΟΝΟΜΑ 0576
SR000577;ΕΠΩΝΥΜΟ 0577;ΟΝΟΜΑ 0577
SR000578;ΕΠΩΝΥΜΟ 0578;ΟΝΟΜΑ 0578
SR000579;ΕΠΩΝΥΜΟ 0579;ΟΝΟΜΑ 0579
SR000580;ΕΠΩΝΥΜΟ 0580;ΟΝΟΜΑ 0580
SR000581;ΕΠΩΝΥΜΟ 0581;ΟΝΟΜΑ 0581
SR000582;ΕΠΩΝΥΜΟ 0582;ΟΝΟΜΑ 0582
SR000583;ΕΠΩΝΥΜΟ 0583;ΟΝΟΜΑ 0583
SR000584;ΕΠΩΝΥΜΟ 0584;ΟΝΟΜΑ 0584
SR000585;ΕΠΩΝΥΜΟ 0585;ΟΝΟΜΑ 0585
SR000586;ΕΠΩΝΥΜΟ 0586;ΟΝΟΜΑ 0586
SR000587;ΕΠΩΝΥΜΟ 0587;ΟΝΟΜΑ 0587
SR000588;ΕΠΩΝΥΜΟ 0588;ΟΝΟΜΑ 0588
SR000589;ΕΠΩΝΥΜΟ 0589;ΟΝΟΜΑ 0589
SR000590;ΕΠΩΝΥΜΟ 0590;ΟΝΟΜΑ 0590
SR000591;ΕΠΩΝΥΜΟ 0591;ΟΝΟΜΑ 0591
SR000592;ΕΠΩΝΥΜΟ 0592;ΟΝΟΜΑ 0592
SR000593;ΕΠΩΝΥΜΟ 0593;ΟΝΟΜΑ 0593
SR000594;ΕΠΩΝΥΜΟ 0594;ΟΝΟΜΑ 0594
SR000595;ΕΠΩΝΥΜΟ 0595;ΟΝΟΜΑ 0595
SR000596;ΕΠΩΝΥΜΟ 0596;ΟΝΟΜΑ 0596
SR000597;ΕΠΩΝΥΜΟ 0597;ΟΝΟΜΑ 0597
SR000598;ΕΠΩΝΥΜΟ 0598;ΟΝΟΜΑ 0598
SR000599;ΕΠΩΝΥΜΟ 0599;ΟΝΟΜΑ 0599
SR000600;ΕΠΩΝΥΜΟ 0600;ΟΝΟΜΑ 0600
SR000601;ΕΠΩΝΥΜΟ 0601;ΟΝΟΜΑ 0601
SR000602;ΕΠΩΝΥΜΟ 0602;ΟΝΟΜΑ 0602
SR000603;ΕΠΩΝΥΜΟ 0603;ΟΝΟΜΑ 0603
SR000604;ΕΠΩΝΥΜΟ 0604;ΟΝΟΜΑ 0604
SR000605;ΕΠΩΝΥΜΟ 0605;ΟΝΟΜΑ 0605
SR000606;ΕΠΩΝΥΜΟ 0606;ΟΝΟΜΑ 0606
SR000607;ΕΠΩΝΥΜΟ 0607;ΟΝΟΜΑ 0607
SR000608;ΕΠΩΝΥΜΟ 0608;ΟΝΟΜΑ 0608
SR000609;ΕΠΩΝΥΜΟ 0609;ΟΝΟΜΑ 0609
SR000610;ΕΠΩΝΥΜΟ 0610;ΟΝΟΜΑ 0610
SR000611;ΕΠΩΝΥΜΟ 0611;ΟΝΟΜΑ 0611
SR000612;ΕΠΩΝΥΜΟ 0612;ΟΝΟΜΑ 0612
SR000613;ΕΠΩΝΥΜΟ 0613;ΟΝΟΜΑ 0613
SR000614;ΕΠΩΝΥΜΟ 0614;ΟΝΟΜΑ 0614
SR000615;ΕΠΩΝΥΜΟ 0615;ΟΝΟΜΑ 0615
SR000616;ΕΠΩΝΥΜΟ 0616;ΟΝΟΜΑ 0616
SR000617;ΕΠΩΝΥΜΟ 0617;ΟΝΟΜΑ 0617
SR000618;ΕΠΩΝΥΜΟ 0618;ΟΝΟΜΑ 0618
SR000619;ΕΠΩΝΥΜΟ 0619;ΟΝΟΜΑ 0619
SR000620;ΕΠΩΝΥΜΟ 0620;ΟΝΟΜΑ 0620
SR000621;ΕΠΩΝΥΜΟ 0621;ΟΝΟΜΑ 0621
SR000622;ΕΠΩΝΥΜΟ 0622;ΟΝΟΜΑ 0622
SR000623;ΕΠΩΝΥΜΟ 0623;ΟΝΟΜΑ 0623
SR000624;ΕΠΩΝΥΜΟ 0624;ΟΝΟΜΑ 0624
SR000625;ΕΠΩΝΥΜΟ 0625;ΟΝΟΜΑ 0625
SR000626;ΕΠΩΝΥΜΟ 0626;ΟΝΟΜΑ 0626
SR000627;ΕΠΩΝΥΜΟ 0627;ΟΝΟΜΑ 0627
SR000628;ΕΠΩΝΥΜΟ 0628;ΟΝΟΜΑ 0628
SR000629;ΕΠΩΝΥΜΟ 0629;ΟΝΟΜΑ 0629
SR000630;ΕΠΩΝΥΜΟ 0630;ΟΝΟΜΑ 0630
SR000631;ΕΠΩΝΥΜΟ 0631;ΟΝΟΜΑ 0631
SR000632;ΕΠΩΝΥΜΟ 0632;ΟΝΟΜΑ 0632
SR000633;ΕΠΩΝΥΜΟ 0633;ΟΝΟΜΑ 0633
SR000634;ΕΠΩΝΥΜΟ 0634;ΟΝΟΜΑ 0634
SR000635;ΕΠΩΝΥΜΟ 0635;ΟΝΟΜΑ 0635
SR000636;ΕΠΩΝΥΜΟ 0636;ΟΝΟΜΑ 0636
SR000637;ΕΠΩΝΥΜΟ 0637;ΟΝΟΜΑ 0637
SR000638;ΕΠΩΝΥΜΟ 0638;ΟΝΟΜΑ 0638
SR000639;ΕΠΩΝΥΜΟ 0639;ΟΝΟΜΑ 0639
SR000640;ΕΠΩΝΥΜΟ 0640;ΟΝΟΜΑ 0640
SR000641;ΕΠΩΝΥΜΟ 0641;ΟΝΟΜΑ 0641
SR000642;ΕΠΩΝΥΜΟ 0642;ΟΝΟΜΑ 0642
SR000643;ΕΠΩΝΥΜΟ 0643;ΟΝΟΜΑ 0643
SR000644;ΕΠΩΝΥΜΟ 0644;ΟΝΟΜΑ 0644
SR000645;ΕΠΩΝΥΜΟ 0645;ΟΝΟΜΑ 0645
SR000646;ΕΠΩΝΥΜΟ 0646;ΟΝΟΜΑ 0646
SR000647;ΕΠΩΝΥΜΟ 0647;ΟΝΟΜΑ 0647
SR000648;ΕΠΩΝΥΜΟ 0648;ΟΝΟΜΑ 0648
SR000649;ΕΠΩΝΥΜΟ 0649;ΟΝΟΜΑ 0649
SR000650;ΕΠΩΝΥΜΟ 0650;ΟΝΟΜΑ 0650
SR000651;ΕΠΩΝΥΜΟ 0651;ΟΝΟΜΑ 0651
SR000652;ΕΠΩΝΥΜΟ 0652;ΟΝΟΜΑ 0652
SR000653;ΕΠΩΝΥΜΟ 0653;ΟΝΟΜΑ 0653
SR000654;ΕΠΩΝΥΜΟ 0654;ΟΝΟΜΑ 0654
SR000655;ΕΠΩΝΥΜΟ 0655;ΟΝΟΜΑ 0655
SR000656;ΕΠΩΝΥΜΟ 0656;ΟΝΟΜΑ 0656
SR000657;ΕΠΩΝΥΜΟ 0657;ΟΝΟΜΑ 0657
SR000658;ΕΠΩΝΥΜΟ 0658;ΟΝΟΜΑ 0658
SR000659;ΕΠΩΝΥΜΟ 0659;ΟΝΟΜΑ 0659
SR000660;ΕΠΩΝΥΜΟ 0660;ΟΝΟΜΑ 0660
SR000661;ΕΠΩΝΥΜΟ 0661;ΟΝΟΜΑ 0661
SR000662;ΕΠΩΝΥΜΟ 0662;ΟΝΟΜΑ 0662
SR000663;ΕΠΩΝΥΜΟ 0663;ΟΝΟΜΑ 0663
SR000664;ΕΠΩΝΥΜΟ 0664;ΟΝΟΜΑ 0664
SR000665;ΕΠΩΝΥΜΟ 0665;ΟΝΟΜΑ 0665
SR000666;ΕΠΩΝΥΜΟ 0666;ΟΝΟΜΑ 0666
SR000667;ΕΠΩΝΥΜΟ 0667;ΟΝΟΜΑ 0667
SR000668;ΕΠΩΝΥΜΟ 0668;ΟΝΟΜΑ 0668
SR000669;ΕΠΩΝΥΜΟ 0669;ΟΝΟΜΑ 0669
SR000670;ΕΠΩΝΥΜΟ 0670;ΟΝΟΜΑ 0670
SR000671;ΕΠΩΝΥΜΟ 0671;ΟΝΟΜΑ 0671
SR000672;ΕΠΩΝΥΜΟ 0672;ΟΝΟΜΑ 0672
SR000673;ΕΠΩΝΥΜΟ 0673;ΟΝΟΜΑ 0673
SR000674;ΕΠΩΝΥΜΟ 0674;ΟΝΟΜΑ 0674
SR000675;ΕΠΩΝΥΜΟ 0675;ΟΝΟΜΑ 0675
SR000676;ΕΠΩΝΥΜΟ 0676;ΟΝΟΜΑ 0676
SR000677;ΕΠΩΝΥΜΟ 0677;ΟΝΟΜΑ 0677
SR000678;ΕΠΩΝΥΜΟ 0678;ΟΝΟΜΑ 0678
SR000679;ΕΠΩΝΥΜΟ 0679;ΟΝΟΜΑ 0679
SR000680;ΕΠΩΝΥΜΟ 0680;ΟΝΟΜΑ 0680
SR000681;ΕΠΩΝΥΜΟ 0681;ΟΝΟΜΑ 0681
SR000682;ΕΠΩΝΥΜΟ 0682;ΟΝΟΜΑ 0682
SR000683;ΕΠΩΝΥΜΟ 0683;ΟΝΟΜΑ 0683
SR000684;ΕΠΩΝΥΜΟ 0684;ΟΝΟΜΑ 0684
SR000685;ΕΠΩΝΥΜΟ 0685;ΟΝΟΜΑ 0685
SR000686;ΕΠΩΝΥΜΟ 0686;ΟΝΟΜΑ 0686
SR000687;ΕΠΩΝΥΜΟ 0687;ΟΝΟΜΑ 0687
SR000688;ΕΠΩΝΥΜΟ 0688;ΟΝΟΜΑ 0688
SR000689;ΕΠΩΝΥΜΟ 0689;ΟΝΟΜΑ 0689
SR000690;ΕΠΩΝΥΜΟ 0690;ΟΝΟΜΑ 0690
SR000691;ΕΠΩΝΥΜΟ 0691;ΟΝΟΜΑ 0691
SR000692;ΕΠΩΝΥΜΟ 0692;ΟΝΟΜΑ 0692
SR000693;ΕΠΩΝΥΜΟ 0693;ΟΝΟΜΑ 0693
SR000694;ΕΠΩΝΥΜΟ 0694;ΟΝΟΜΑ 0694
SR000695;ΕΠΩΝΥΜΟ 0695;ΟΝΟΜΑ 0695
SR000696;ΕΠΩΝΥΜΟ 0696;ΟΝΟΜΑ 0696
SR000697;ΕΠΩΝΥΜΟ 0697;ΟΝΟΜΑ 0697
SR000698;ΕΠΩΝΥΜΟ 0698;ΟΝΟΜΑ 0698
SR000699;ΕΠΩΝΥΜΟ 0699;ΟΝΟΜΑ 0699
SR000700;ΕΠΩΝΥΜΟ 0700;ΟΝΟΜΑ 0700
SR000701;ΕΠΩΝΥΜΟ 0701;ΟΝΟΜΑ 0701
SR000702;ΕΠΩΝΥΜΟ 0702;ΟΝΟΜΑ 0702
SR000703;ΕΠΩΝΥΜΟ 0703;ΟΝΟΜΑ 0703
SR000704;ΕΠΩΝΥΜΟ 0704;ΟΝΟΜΑ 0704
SR000705;ΕΠΩΝΥΜΟ 0705;ΟΝΟΜΑ 0705
SR000706;ΕΠΩΝΥΜΟ 0706;ΟΝΟΜΑ 0706
SR000707;ΕΠΩΝΥΜΟ 0707;ΟΝΟΜΑ 0707
SR000708;ΕΠΩΝΥΜΟ 0708;ΟΝΟΜΑ 0708
SR000709;ΕΠΩΝΥΜΟ 0709;ΟΝΟΜΑ 0709
SR000710;ΕΠΩΝΥΜΟ 0710;ΟΝΟΜΑ 0710
SR000711;ΕΠΩΝΥΜΟ 0711;ΟΝΟΜΑ 0711
SR000712;ΕΠΩΝΥΜΟ 0712;ΟΝΟΜΑ 0712
SR000713;ΕΠΩΝΥΜΟ 0713;ΟΝΟΜΑ 0713
SR000714;ΕΠΩΝΥΜΟ 0714;ΟΝΟΜΑ 0714
SR000715;ΕΠΩΝΥΜΟ 0715;ΟΝΟΜΑ 0715
SR000716;ΕΠΩΝΥΜΟ 0716;ΟΝΟΜΑ 0716
SR000717;ΕΠΩΝΥΜΟ 0717;ΟΝΟΜΑ 0717
SR000718;ΕΠΩΝΥΜΟ 0718;ΟΝΟΜΑ 0718
SR000719;ΕΠΩΝΥΜΟ 0719;ΟΝΟΜΑ 0719
SR000720;ΕΠΩΝΥΜΟ 0720;ΟΝΟΜΑ 0720
SR000721;ΕΠΩΝΥΜΟ 0721;ΟΝΟΜΑ 0721
SR000722;ΕΠΩΝΥΜΟ 0722;ΟΝΟΜΑ 0722
SR000723;ΕΠΩΝΥΜΟ 0723;ΟΝΟΜΑ 0723
SR000724;ΕΠΩΝΥΜΟ 0724;ΟΝΟΜΑ 0724
SR000725;ΕΠΩΝΥΜΟ 0725;ΟΝΟΜΑ 0725
SR000726;ΕΠΩΝΥΜΟ 0726;ΟΝΟΜΑ 0726
SR000727;ΕΠΩΝΥΜΟ 0727;ΟΝΟΜΑ 0727
SR000728;ΕΠΩΝΥΜΟ 0728;ΟΝΟΜΑ 0728
SR000729;ΕΠΩΝΥΜΟ 0729;ΟΝΟΜΑ 0729
SR000730;ΕΠΩΝΥΜΟ 0730;ΟΝΟΜΑ 0730
SR000731;ΕΠΩΝΥΜΟ 0731;ΟΝΟΜΑ 0731
SR000732;ΕΠΩΝΥΜΟ 0732;ΟΝΟΜΑ 0732
SR000733;ΕΠΩΝΥΜΟ 0733;ΟΝΟΜΑ 0733
SR000734;ΕΠΩΝΥΜΟ 0734;ΟΝΟΜΑ 0734
SR000735;ΕΠΩΝΥΜΟ 0735;ΟΝΟΜΑ 0735
SR000736;ΕΠΩΝΥΜΟ 0736;ΟΝΟΜΑ 0736
SR000737;ΕΠΩΝΥΜΟ 0737;ΟΝΟΜΑ 0737
SR000738;ΕΠΩΝΥΜΟ 0738;ΟΝΟΜΑ 0738
SR000739;ΕΠΩΝΥΜΟ 0739;ΟΝΟΜΑ 0739
SR000740;ΕΠΩΝΥΜΟ 0740;ΟΝΟΜΑ 0740
SR000741;ΕΠΩΝΥΜΟ 0741;ΟΝΟΜΑ 0741
SR000742;ΕΠΩΝΥΜΟ 0742;ΟΝΟΜΑ 0742
SR000743;ΕΠΩΝΥΜΟ 0743;ΟΝΟΜΑ 0743
SR000744;ΕΠΩΝΥΜΟ 0744;ΟΝΟΜΑ 0744
SR000745;ΕΠΩΝΥΜΟ 0745;ΟΝΟΜΑ 0745
SR000746;ΕΠΩΝΥΜΟ 0746;ΟΝΟΜΑ 0746
SR000747;ΕΠΩΝΥΜΟ 0747;ΟΝΟΜΑ 0747
SR000748;ΕΠΩΝΥΜΟ 0748;ΟΝΟΜΑ 0748
SR000749;ΕΠΩΝΥΜΟ 0749;ΟΝΟΜΑ 0749
SR000750;ΕΠΩΝΥΜΟ 0750;ΟΝΟΜΑ 0750
SR000751;ΕΠΩΝΥΜΟ 0751;ΟΝΟΜΑ 0751
SR000752;ΕΠΩΝΥΜΟ 0752;ΟΝΟΜΑ 0752
SR000753;ΕΠΩΝΥΜΟ 0753;ΟΝΟΜΑ 0753
SR000754;ΕΠΩΝΥΜΟ 0754;ΟΝΟΜΑ 0754
SR000755;ΕΠΩΝΥΜΟ 0755;ΟΝΟΜΑ 0755
SR000756;ΕΠΩΝΥΜΟ 0756;ΟΝΟΜΑ 0756
SR000757;ΕΠΩΝΥΜΟ 0757;ΟΝΟΜΑ 0757
SR000758;ΕΠΩΝΥΜΟ 0758;ΟΝΟΜΑ 0758
SR000759;ΕΠΩΝΥΜΟ 0759;ΟΝΟΜΑ 0759
SR000760;ΕΠΩΝΥΜΟ 0760;ΟΝΟΜΑ 0760
SR000761;ΕΠΩΝΥΜΟ 0761;ΟΝΟΜΑ 0761
SR000762;ΕΠΩΝΥΜΟ 0762;ΟΝΟΜΑ 0762
SR000763;ΕΠΩΝΥΜΟ 0763;ΟΝΟΜΑ 0763
SR000764;ΕΠΩΝΥΜΟ 0764;ΟΝΟΜΑ 0764
SR000765;ΕΠΩΝΥΜΟ 0765;ΟΝΟΜΑ 0765
SR000766;ΕΠΩΝΥΜΟ 0766;ΟΝΟΜΑ 0766
SR000767;ΕΠΩΝΥΜΟ 0767;ΟΝΟΜΑ 0767
SR000768;ΕΠΩΝΥΜΟ 0768;ΟΝΟΜΑ 0768
SR000769;ΕΠΩΝΥΜΟ 0769;ΟΝΟΜΑ 0769
SR000770;ΕΠΩΝΥΜΟ 0770;ΟΝΟΜΑ 0770
SR000771;ΕΠΩΝΥΜΟ 0771;ΟΝΟΜΑ 0771
SR000772;ΕΠΩΝΥΜΟ 0772;ΟΝΟΜΑ 0772
SR000773;ΕΠΩΝΥΜΟ 0773;ΟΝΟΜΑ 0773
SR000774;ΕΠΩΝΥΜΟ 0774;ΟΝΟΜΑ 0774
SR000775;ΕΠΩΝΥΜΟ 0775;ΟΝΟΜΑ 0775
SR000776;ΕΠΩΝΥΜΟ 0776;ΟΝΟΜΑ 0776
SR000777;ΕΠΩΝΥΜΟ 0777;ΟΝΟΜΑ 0777
SR000778;ΕΠΩΝΥΜΟ 0778;ΟΝΟΜΑ 0778
SR000779;ΕΠΩΝΥΜΟ 0779;ΟΝΟΜΑ 0779
SR000780;ΕΠΩΝΥΜΟ 0780;ΟΝΟΜΑ 0780
SR000781;ΕΠΩΝΥΜΟ 0781;ΟΝΟΜΑ 0781
SR000782;ΕΠΩΝΥΜΟ 0782;ΟΝΟΜΑ 0782
SR000783;ΕΠΩΝΥΜΟ 0783;ΟΝΟΜΑ 0783
SR000784;ΕΠΩΝΥΜΟ 0784;ΟΝΟΜΑ 0784
SR000785;ΕΠΩΝΥΜΟ 0785;ΟΝΟΜΑ 0785
SR000786;ΕΠΩΝΥΜΟ 0786;ΟΝΟΜΑ 0786
SR000787;ΕΠΩΝΥΜΟ 0787;ΟΝΟΜΑ 0787
SR000788;ΕΠΩΝΥΜΟ 0788;ΟΝΟΜΑ 0788
SR000789;ΕΠΩΝΥΜΟ 0789;ΟΝΟΜΑ 0789
SR000790;ΕΠΩΝΥΜΟ 0790;ΟΝΟΜΑ 0790
SR000791;ΕΠΩΝΥΜΟ 0791;ΟΝΟΜΑ 0791
SR000792;ΕΠΩΝΥΜΟ 0792;ΟΝΟΜΑ 0792
SR000793;ΕΠΩΝΥΜΟ 0793;ΟΝΟΜΑ 0793
SR000794;ΕΠΩΝΥΜΟ 0794;ΟΝΟΜΑ 0794
SR000795;ΕΠΩΝΥΜΟ 0795;ΟΝΟΜΑ 0795
SR000796;ΕΠΩΝΥΜΟ 0796;ΟΝΟΜΑ 0796
SR000797;ΕΠΩΝΥΜΟ 0797;ΟΝΟΜΑ 0797
SR000798;ΕΠΩΝΥΜΟ 0798;ΟΝΟΜΑ 0798
SR000799;ΕΠΩΝΥΜΟ 0799;ΟΝΟΜΑ 0799
SR000800;ΕΠΩΝΥΜΟ 0800;ΟΝΟΜΑ 0800
SR000801;ΕΠΩΝΥΜΟ 0801;ΟΝΟΜΑ 0801
SR000802;ΕΠΩΝΥΜΟ 0802;ΟΝΟΜΑ 0802
SR000803;ΕΠΩΝΥΜΟ 0803;ΟΝΟΜΑ 0803
SR000804;ΕΠΩΝΥΜΟ 0804;ΟΝΟΜΑ 0804
SR000805;ΕΠΩΝΥΜΟ 0805;ΟΝΟΜΑ 0805
SR000806;ΕΠΩΝΥΜΟ 0806;ΟΝΟΜΑ 0806
SR000807;ΕΠΩΝΥΜΟ 0807;ΟΝΟΜΑ 0807
SR000808;ΕΠΩΝΥΜΟ 0808;ΟΝΟΜΑ 0808
SR000809;ΕΠΩΝΥΜΟ 0809;ΟΝΟΜΑ 0809
SR000810;ΕΠΩΝΥΜΟ 0810;ΟΝΟΜΑ 0810
SR000811;ΕΠΩΝΥΜΟ 0811;ΟΝΟΜΑ 0811
SR000812;ΕΠΩΝΥΜΟ 0812;ΟΝΟΜΑ 0812
SR000813;ΕΠΩΝΥΜΟ 0813;ΟΝΟΜΑ 0813
SR000814;ΕΠΩΝΥΜΟ 0814;ΟΝΟΜΑ 0814
SR000815;ΕΠΩΝΥΜΟ 0815;ΟΝΟΜΑ 0815
SR000816;ΕΠΩΝΥΜΟ 0816;ΟΝΟΜΑ 0816
SR000817;ΕΠΩΝΥΜΟ 0817;ΟΝΟΜΑ 0817
SR000818;ΕΠΩΝΥΜΟ 0818;ΟΝΟΜΑ 0818
SR000819;ΕΠΩΝΥΜΟ 0819;ΟΝΟΜΑ 0819
SR000820;ΕΠΩΝΥΜΟ 0820;ΟΝΟΜΑ 0820
SR000821;ΕΠΩΝΥΜΟ 0821;ΟΝΟΜΑ 0821
SR000822;ΕΠΩΝΥΜΟ 0822;ΟΝΟΜΑ 0822
SR000823;ΕΠΩΝΥΜΟ 0823;ΟΝΟΜΑ 0823
SR000824;ΕΠΩΝΥΜΟ 0824;ΟΝΟΜΑ 0824
SR000825;ΕΠΩΝΥΜΟ 0825;ΟΝΟΜΑ 0825
SR000826;ΕΠΩΝΥΜΟ 0826;ΟΝΟΜΑ 0826
SR000827;ΕΠΩΝΥΜΟ 0827;ΟΝΟΜΑ 0827
SR000828;ΕΠΩΝΥΜΟ 0828;ΟΝΟΜΑ 0828
SR000829;ΕΠΩΝΥΜΟ 0829;ΟΝΟΜΑ 0829
SR000830;ΕΠΩΝΥΜΟ 0830;ΟΝΟΜΑ 0830
SR000831;ΕΠΩΝΥΜΟ 0831;ΟΝΟΜΑ 0831
SR000832;ΕΠΩΝΥΜΟ 0832;ΟΝΟΜΑ 0832
SR000833;ΕΠΩΝΥΜΟ 0833;ΟΝΟΜΑ 0833
SR000834;ΕΠΩΝΥΜΟ 0834;ΟΝΟΜΑ 0834
SR000835;ΕΠΩΝΥΜΟ 0835;ΟΝΟΜΑ 0835
SR000836;ΕΠΩΝΥΜΟ 0836;ΟΝΟΜΑ 0836
SR000837;ΕΠΩΝΥΜΟ 0837;ΟΝΟΜΑ 0837
SR000838;ΕΠΩΝΥΜΟ 0838;ΟΝΟΜΑ 0838
SR000839;ΕΠΩΝΥΜΟ 0839;ΟΝΟΜΑ 0839
SR000840;ΕΠΩΝΥΜΟ 0840;ΟΝΟΜΑ 0840
SR000841;ΕΠΩΝΥΜΟ 0841;ΟΝΟΜΑ 0841
SR000842;ΕΠΩΝΥΜΟ 0842;ΟΝΟΜΑ 0842
SR000843;ΕΠΩΝΥΜΟ 0843;ΟΝΟΜΑ 0843
SR000844;ΕΠΩΝΥΜΟ 0844;ΟΝΟΜΑ 0844
SR000845;ΕΠΩΝΥΜΟ 0845;ΟΝΟΜΑ 0845
SR000846;ΕΠΩΝΥΜΟ 0846;ΟΝΟΜΑ 0846
SR000847;ΕΠΩΝΥΜΟ 0847;ΟΝΟΜΑ 0847
SR000848;ΕΠΩΝΥΜΟ 0848;ΟΝΟΜΑ 0848
SR000849;ΕΠΩΝΥΜΟ 0849;ΟΝΟΜΑ 0849
SR000850;ΕΠΩΝΥΜΟ 0850;ΟΝΟΜΑ 0850
SR000851;ΕΠΩΝΥΜΟ 0851;ΟΝΟΜΑ 0851
SR000852;ΕΠΩΝΥΜΟ 0852;ΟΝΟΜΑ 0852
SR000853;ΕΠΩΝΥΜΟ 0853;ΟΝΟΜΑ 0853
SR000854;ΕΠΩΝΥΜΟ 0854;ΟΝΟΜΑ 0854
SR000855;ΕΠΩΝΥΜΟ 0855;ΟΝΟΜΑ 0855
SR000856;ΕΠΩΝΥΜΟ 0856;ΟΝΟΜΑ 0856
SR000857;ΕΠΩΝΥΜΟ 0857;ΟΝΟΜΑ 0857
SR000858;ΕΠΩΝΥΜΟ 0858;ΟΝΟΜΑ 0858
SR000859;ΕΠΩΝΥΜΟ 0859;ΟΝΟΜΑ 0859
SR000860;ΕΠΩΝΥΜΟ 0860;ΟΝΟΜΑ 0860
SR000861;ΕΠΩΝΥΜΟ 0861;ΟΝΟΜΑ 0861
SR000862;ΕΠΩΝΥΜΟ 0862;ΟΝΟΜΑ 0862
SR000863;ΕΠΩΝΥΜΟ 0863;ΟΝΟΜΑ 0863
SR000864;ΕΠΩΝΥΜΟ 0864;ΟΝΟΜΑ 0864
SR000865;ΕΠΩΝΥΜΟ 0865;ΟΝΟΜΑ 0865
SR000866;ΕΠΩΝΥΜΟ 0866;ΟΝΟΜΑ 0866
SR000867;ΕΠΩΝΥΜΟ 0867;ΟΝΟΜΑ 0867
SR000868;ΕΠΩΝΥΜΟ 0868;ΟΝΟΜΑ 0868
SR000869;ΕΠΩΝΥΜΟ 0869;ΟΝΟΜΑ 0869
SR000870;ΕΠΩΝΥΜΟ 0870;ΟΝΟΜΑ 0870
SR000871;ΕΠΩΝΥΜΟ 0871;ΟΝΟΜΑ 0871
SR000872;ΕΠΩΝΥΜΟ 0872;ΟΝΟΜΑ 0872
SR000873;ΕΠΩΝΥΜΟ 0873;ΟΝΟΜΑ 0873
SR000874;ΕΠΩΝΥΜΟ 0874;ΟΝΟΜΑ 0874
SR000875;ΕΠΩΝΥΜΟ 0875;ΟΝΟΜΑ 0875
SR000876;ΕΠΩΝΥΜΟ 0876;ΟΝΟΜΑ 0876
SR000877;ΕΠΩΝΥΜΟ 0877;ΟΝΟΜΑ 0877
SR000878;ΕΠΩΝΥΜΟ 0878;ΟΝΟΜΑ 0878
SR000879;ΕΠΩΝΥΜΟ 0879;ΟΝΟΜΑ 0879
SR000880;ΕΠΩΝΥΜΟ 0880;ΟΝΟΜΑ 0880
SR000881;ΕΠΩΝΥΜΟ 0881;ΟΝΟΜΑ 0881
SR000882;ΕΠΩΝΥΜΟ 0882;ΟΝΟΜΑ 0882
SR000883;ΕΠΩΝΥΜΟ 0883;ΟΝΟΜΑ 0883
SR000884;ΕΠΩΝΥΜΟ 0884;ΟΝΟΜΑ 0884
SR000885;ΕΠΩΝΥΜΟ 0885;ΟΝΟΜΑ 0885
SR000886;ΕΠΩΝΥΜΟ 0886;ΟΝΟΜΑ 0886
SR000887;ΕΠΩΝΥΜΟ 0887;ΟΝΟΜΑ 0887
SR000888;ΕΠΩΝΥΜΟ 0888;ΟΝΟΜΑ 0888
SR000889;ΕΠΩΝΥΜΟ 0889;ΟΝΟΜΑ 0889
SR000890;ΕΠΩΝΥΜΟ 0890;ΟΝΟΜΑ 0890
SR000891;ΕΠΩΝΥΜΟ 0891;ΟΝΟΜΑ 0891
SR000892;ΕΠΩΝΥΜΟ 0892;ΟΝΟΜΑ 0892
SR000893;ΕΠΩΝΥΜΟ 0893;ΟΝΟΜΑ 0893
SR000894;ΕΠΩΝΥΜΟ 0894;ΟΝΟΜΑ 0894
SR000895;ΕΠΩΝΥΜΟ 0895;ΟΝΟΜΑ 0895
SR000896;ΕΠΩΝΥΜΟ 0896;ΟΝΟΜΑ 0896
SR000897;ΕΠΩΝΥΜΟ 0897;ΟΝΟΜΑ 0897
SR000898;ΕΠΩΝΥΜΟ 0898;ΟΝΟΜΑ 0898
SR000899;ΕΠΩΝΥΜΟ 0899;ΟΝΟΜΑ 0899
SR000900;ΕΠΩΝΥΜΟ 0900;ΟΝΟΜΑ 0900
SR000901;ΕΠΩΝΥΜΟ 0901;ΟΝΟΜΑ 0901
SR000902;ΕΠΩΝΥΜΟ 0902;ΟΝΟΜΑ 0902
SR000903;ΕΠΩΝΥΜΟ 0903;ΟΝΟΜΑ 0903
SR000904;ΕΠΩΝΥΜΟ 0904;ΟΝΟΜΑ 0904
SR000905;ΕΠΩΝΥΜΟ 0905;ΟΝΟΜΑ 0905
SR000906;ΕΠΩΝΥΜΟ 0906;ΟΝΟΜΑ 0906
SR000907;ΕΠΩΝΥΜΟ 0907;ΟΝΟΜΑ 0907
SR000908;ΕΠΩΝΥΜΟ 0908;ΟΝΟΜΑ 0908
SR000909;ΕΠΩΝΥΜΟ 0909;ΟΝΟΜΑ 0909
SR000910;ΕΠΩΝΥΜΟ 0910;ΟΝΟΜΑ 0910
SR000911;ΕΠΩΝΥΜΟ 0911;ΟΝΟΜΑ 0911
SR000912;ΕΠΩΝΥΜΟ 0912;ΟΝΟΜΑ 0912
SR000913;ΕΠΩΝΥΜΟ 0913;ΟΝΟΜΑ 0913
SR000914;ΕΠΩΝΥΜΟ 0914;ΟΝΟΜΑ 0914
SR000915;ΕΠΩΝΥΜΟ 0915;ΟΝΟΜΑ 0915
SR000916;ΕΠΩΝΥΜΟ 0916;ΟΝΟΜΑ 0916
SR000917;ΕΠΩΝΥΜΟ 0917;ΟΝΟΜΑ 0917
SR000918;ΕΠΩΝΥΜΟ 0918;ΟΝΟΜΑ 0918
SR000919;ΕΠΩΝΥΜΟ 0919;ΟΝΟΜΑ 0919
SR000920;ΕΠΩΝΥΜΟ 0920;ΟΝΟΜΑ 0920
SR000921;ΕΠΩΝΥΜΟ 0921;ΟΝΟΜΑ 0921
SR000922;ΕΠΩΝΥΜΟ 0922;ΟΝΟΜΑ 0922
SR000923;ΕΠΩΝΥΜΟ 0923;ΟΝΟΜΑ 0923
SR000924;ΕΠΩΝΥΜΟ 0924;ΟΝΟΜΑ 0924
SR000925;ΕΠΩΝΥΜΟ 0925;ΟΝΟΜΑ 0925
SR000926;ΕΠΩΝΥΜΟ 0926;ΟΝΟΜΑ 0926
SR000927;ΕΠΩΝΥΜΟ 0927;ΟΝΟΜΑ 0927
SR000928;ΕΠΩΝΥΜΟ 0928;ΟΝΟΜΑ 0928
SR000929;ΕΠΩΝΥΜΟ 0929;ΟΝΟΜΑ 0929
SR000930;ΕΠΩΝΥΜΟ 0930;ΟΝΟΜΑ 0930
SR000931;ΕΠΩΝΥΜΟ 0931;ΟΝΟΜΑ 0931
SR000932;ΕΠΩΝΥΜΟ 0932;ΟΝΟΜΑ 0932
SR000933;ΕΠΩΝΥΜΟ 0933;ΟΝΟΜΑ 0933
SR000934;ΕΠΩΝΥΜΟ 0934;ΟΝΟΜΑ 0934
SR000935;ΕΠΩΝΥΜΟ 0935;ΟΝΟΜΑ 0935
SR000936;ΕΠΩΝΥΜΟ 0936;ΟΝΟΜΑ 0936
SR000937;ΕΠΩΝΥΜΟ 0937;ΟΝΟΜΑ 0937
SR000938;ΕΠΩΝΥΜΟ 0938;ΟΝΟΜΑ 0938
SR000939;ΕΠΩΝΥΜΟ 0939;ΟΝΟΜΑ 0939
SR000940;ΕΠΩΝΥΜΟ 0940;ΟΝΟΜΑ 0940
SR000941;ΕΠΩΝΥΜΟ 0941;ΟΝΟΜΑ 0941
SR000942;ΕΠΩΝΥΜΟ 0942;ΟΝΟΜΑ 0942
SR000943;ΕΠΩΝΥΜΟ 0943;ΟΝΟΜΑ 0943
SR000944;ΕΠΩΝΥΜΟ 0944;ΟΝΟΜΑ 0944
SR000945;ΕΠΩΝΥΜΟ 0945;ΟΝΟΜΑ 0945
SR000946;ΕΠΩΝΥΜΟ 0946;ΟΝΟΜΑ 0946
SR000947;ΕΠΩΝΥΜΟ 0947;ΟΝΟΜΑ 0947
SR000948;ΕΠΩΝΥΜΟ 0948;ΟΝΟΜΑ 0948
SR000949;ΕΠΩΝΥΜΟ 0949;ΟΝΟΜΑ 0949
SR000950;ΕΠΩΝΥΜΟ 0950;ΟΝΟΜΑ 0950
SR000951;ΕΠΩΝΥΜΟ 0951;ΟΝΟΜΑ 0951
SR000952;ΕΠΩΝΥΜΟ 0952;ΟΝΟΜΑ 0952
SR000953;ΕΠΩΝΥΜΟ 0953;ΟΝΟΜΑ 0953
SR000954;ΕΠΩΝΥΜΟ 0954;ΟΝΟΜΑ 0954
SR000955;ΕΠΩΝΥΜΟ 0955;ΟΝΟΜΑ 0955
SR000956;ΕΠΩΝΥΜΟ 0956;ΟΝΟΜΑ 0956
SR000957;ΕΠΩΝΥΜΟ 0957;ΟΝΟΜΑ 0957
SR000958;ΕΠΩΝΥΜΟ 0958;ΟΝΟΜΑ 0958
SR000959;ΕΠΩΝΥΜΟ 0959;ΟΝΟΜΑ 0959
SR000960;ΕΠΩΝΥΜΟ 0960;ΟΝΟΜΑ 0960
SR000961;ΕΠΩΝΥΜΟ 0961;ΟΝΟΜΑ 0961
SR000962;ΕΠΩΝΥΜΟ 0962;ΟΝΟΜΑ 0962
SR000963;ΕΠΩΝΥΜΟ 0963;ΟΝΟΜΑ 0963
SR000964;ΕΠΩΝΥΜΟ 0964;ΟΝΟΜΑ 0964
SR000965;ΕΠΩΝΥΜΟ 0965;ΟΝΟΜΑ 0965
SR000966;ΕΠΩΝΥΜΟ 0966;ΟΝΟΜΑ 0966
SR000967;ΕΠΩΝΥΜΟ 0967;ΟΝΟΜΑ 0967
SR000968;ΕΠΩΝΥΜΟ 0968;ΟΝΟΜΑ 0968
SR000969;ΕΠΩΝΥΜΟ 0969;ΟΝΟΜΑ 0969
SR000970;ΕΠΩΝΥΜΟ 0970;ΟΝΟΜΑ 0970
SR000971;ΕΠΩΝΥΜΟ 0971;ΟΝΟΜΑ 0971
SR000972;ΕΠΩΝΥΜΟ 0972;ΟΝΟΜΑ 0972
SR000973;ΕΠΩΝΥΜΟ 0973;ΟΝΟΜΑ 0973
SR000974;ΕΠΩΝΥΜΟ 0974;ΟΝΟΜΑ 0974
SR000975;ΕΠΩΝΥΜΟ 0975;ΟΝΟΜΑ 0975
SR000976;ΕΠΩΝΥΜΟ 0976;ΟΝΟΜΑ 0976
SR000977;ΕΠΩΝΥΜΟ 0977;ΟΝΟΜΑ 0977
SR000978;ΕΠΩΝΥΜΟ 0978;ΟΝΟΜΑ 0978
SR000979;ΕΠΩΝΥΜΟ 0979;ΟΝΟΜΑ 0979
SR000980;ΕΠΩΝΥΜΟ 0980;ΟΝΟΜΑ 0980
SR000981;ΕΠΩΝΥΜΟ 0981;ΟΝΟΜΑ 0981
SR000982;ΕΠΩΝΥΜΟ 0982;ΟΝΟΜΑ 0982
SR000983;ΕΠΩΝΥΜΟ 0983;ΟΝΟΜΑ 0983
SR000984;ΕΠΩΝΥΜΟ 0984;ΟΝΟΜΑ 0984
SR000985;ΕΠΩΝΥΜΟ 0985;ΟΝΟΜΑ 0985
SR000986;ΕΠΩΝΥΜΟ 0986;ΟΝΟΜΑ 0986
SR000987;ΕΠΩΝΥΜΟ 0987;ΟΝΟΜΑ 0987
SR000988;ΕΠΩΝΥΜΟ 0988;ΟΝΟΜΑ 0988
SR000989;ΕΠΩΝΥΜΟ 0989;ΟΝΟΜΑ 0989
SR000990;ΕΠΩΝΥΜΟ 0990;ΟΝΟΜΑ 0990
SR000991;ΕΠΩΝΥΜΟ 0991;ΟΝΟΜΑ 0991
SR000992;ΕΠΩΝΥΜΟ 0992;ΟΝΟΜΑ 0992
SR000993;ΕΠΩΝΥΜΟ 0993;ΟΝΟΜΑ 0993
SR000994;ΕΠΩΝΥΜΟ 0994;ΟΝΟΜΑ 0994
SR000995;ΕΠΩΝΥΜΟ 0995;ΟΝΟΜΑ 0995
SR000996;ΕΠΩΝΥΜΟ 0996;ΟΝΟΜΑ 0996
SR000997;ΕΠΩΝΥΜΟ 0997;ΟΝΟΜΑ 0997
SR000998;ΕΠΩΝΥΜΟ 0998;ΟΝΟΜΑ 0998
SR000999;ΕΠΩΝΥΜΟ 0999;ΟΝΟΜΑ 0999
SR001000;ΕΠΩΝΥΜΟ 1000;ΟΝΟΜΑ 1000
SR001001;ΕΠΩΝΥΜΟ 1001;ΟΝΟΜΑ 1001
SR001002;ΕΠΩΝΥΜΟ 1002;ΟΝΟΜΑ 1002
SR001003;ΕΠΩΝΥΜΟ 1003;ΟΝΟΜΑ 1003
SR001004;ΕΠΩΝΥΜΟ 1004;ΟΝΟΜΑ 1004
SR001005;ΕΠΩΝΥΜΟ 1005;ΟΝΟΜΑ 1005
SR001006;ΕΠΩΝΥΜΟ 1006;ΟΝΟΜΑ 1006
SR001007;ΕΠΩΝΥΜΟ 1007;ΟΝΟΜΑ 1007
SR001008;ΕΠΩΝΥΜΟ 1008;ΟΝΟΜΑ 1008
SR001009;ΕΠΩΝΥΜΟ 1009;ΟΝΟΜΑ 1009
SR001010;ΕΠΩΝΥΜΟ 1010;ΟΝΟΜΑ 1010
SR001011;ΕΠΩΝΥΜΟ 1011;ΟΝΟΜΑ 1011
SR001012;ΕΠΩΝΥΜΟ 1012;ΟΝΟΜΑ 1012
SR001013;ΕΠΩΝΥΜΟ 1013;ΟΝΟΜΑ 1013
SR001014;ΕΠΩΝΥΜΟ 1014;ΟΝΟΜΑ 1014
SR001015;ΕΠΩΝΥΜΟ 1015;ΟΝΟΜΑ 1015
SR001016;ΕΠΩΝΥΜΟ 1016;ΟΝΟΜΑ 1016
SR001017;ΕΠΩΝΥΜΟ 1017;ΟΝΟΜΑ 1017
SR001018;ΕΠΩΝΥΜΟ 1018;ΟΝΟΜΑ 1018
SR001019;ΕΠΩΝΥΜΟ 1019;ΟΝΟΜΑ 1019
SR001020;ΕΠΩΝΥΜΟ 1020;ΟΝΟΜΑ 1020
SR001021;ΕΠΩΝΥΜΟ 1021;ΟΝΟΜΑ 1021
SR001022;ΕΠΩΝΥΜΟ 1022;ΟΝΟΜΑ 1022
SR001023;ΕΠΩΝΥΜΟ 1023;ΟΝΟΜΑ 1023
SR001024;ΕΠΩΝΥΜΟ 1024;ΟΝΟΜΑ 1024
SR001025;ΕΠΩΝΥΜΟ 1025;ΟΝΟΜΑ 1025
SR001026;ΕΠΩΝΥΜΟ 1026;ΟΝΟΜΑ 1026
SR001027;ΕΠΩΝΥΜΟ 1027;ΟΝΟΜΑ 1027
SR001028;ΕΠΩΝΥΜΟ 1028;ΟΝΟΜΑ 1028
SR001029;ΕΠΩΝΥΜΟ 1029;ΟΝΟΜΑ 1029
SR001030;ΕΠΩΝΥΜΟ 1030;ΟΝΟΜΑ 1030
SR001031;ΕΠΩΝΥΜΟ 1031;ΟΝΟΜΑ 1031
SR001032;ΕΠΩΝΥΜΟ 1032;ΟΝΟΜΑ 1032
SR001033;ΕΠΩΝΥΜΟ 1033;ΟΝΟΜΑ 1033
SR001034;ΕΠΩΝΥΜΟ 1034;ΟΝΟΜΑ 1034
SR001035;ΕΠΩΝΥΜΟ 1035;ΟΝΟΜΑ 1035
SR001036;ΕΠΩΝΥΜΟ 1036;ΟΝΟΜΑ 1036
SR001037;ΕΠΩΝΥΜΟ 1037;ΟΝΟΜΑ 1037
SR001038;ΕΠΩΝΥΜΟ 1038;ΟΝΟΜΑ 1038
SR001039;ΕΠΩΝΥΜΟ 1039;ΟΝΟΜΑ 1039
SR001040;ΕΠΩΝΥΜΟ 1040;ΟΝΟΜΑ 1040
SR001041;ΕΠΩΝΥΜΟ 1041;ΟΝΟΜΑ 1041
SR001042;ΕΠΩΝΥΜΟ 1042;ΟΝΟΜΑ 1042
SR001043;ΕΠΩΝΥΜΟ 1043;ΟΝΟΜΑ 1043
SR001044;ΕΠΩΝΥΜΟ 1044;ΟΝΟΜΑ 1044
SR001045;ΕΠΩΝΥΜΟ 1045;ΟΝΟΜΑ 1045
SR001046;ΕΠΩΝΥΜΟ 1046;ΟΝΟΜΑ 1046
SR001047;ΕΠΩΝΥΜΟ 1047;ΟΝΟΜΑ 1047
SR001048;ΕΠΩΝΥΜΟ 1048;ΟΝΟΜΑ 1048
SR001049;ΕΠΩΝΥΜΟ 1049;ΟΝΟΜΑ 1049
SR001050;ΕΠΩΝΥΜΟ 1050;ΟΝΟΜΑ 1050
SR001051;ΕΠΩΝΥΜΟ 1051;ΟΝΟΜΑ 1051
SR001052;ΕΠΩΝΥΜΟ 1052;ΟΝΟΜΑ 1052
SR001053;ΕΠΩΝΥΜΟ 1053;ΟΝΟΜΑ 1053
SR001054;ΕΠΩΝΥΜΟ 1054;ΟΝΟΜΑ 1054
SR001055;ΕΠΩΝΥΜΟ 1055;ΟΝΟΜΑ 1055
SR001056;ΕΠΩΝΥΜΟ 1056;ΟΝΟΜΑ 1056
SR001057;ΕΠΩΝΥΜΟ 1057;ΟΝΟΜΑ 1057
SR001058;ΕΠΩΝΥΜΟ 1058;ΟΝΟΜΑ 1058
SR001059;ΕΠΩΝΥΜΟ 1059;ΟΝΟΜΑ 1059
SR001060;ΕΠΩΝΥΜΟ 1060;ΟΝΟΜΑ 1060
SR001061;ΕΠΩΝΥΜΟ 1061;ΟΝΟΜΑ 1061
SR001062;ΕΠΩΝΥΜΟ 1062;ΟΝΟΜΑ 1062
SR001063;ΕΠΩΝΥΜΟ 1063;ΟΝΟΜΑ 1063
SR001064;ΕΠΩΝΥΜΟ 1064;ΟΝΟΜΑ 1064
SR001065;ΕΠΩΝΥΜΟ 1065;ΟΝΟΜΑ 1065
SR001066;ΕΠΩΝΥΜΟ 1066;ΟΝΟΜΑ 1066
SR001067;ΕΠΩΝΥΜΟ 1067;ΟΝΟΜΑ 1067
SR001068;ΕΠΩΝΥΜΟ 1068;ΟΝΟΜΑ 1068
SR001069;ΕΠΩΝΥΜΟ 1069;ΟΝΟΜΑ 1069
SR001070;ΕΠΩΝΥΜΟ 1070;ΟΝΟΜΑ 1070
SR001071;ΕΠΩΝΥΜΟ 1071;ΟΝΟΜΑ 1071
SR001072;ΕΠΩΝΥΜΟ 1072;ΟΝΟΜΑ 1072
SR001073;ΕΠΩΝΥΜΟ 1073;ΟΝΟΜΑ 1073
SR001074;ΕΠΩΝΥΜΟ 1074;ΟΝΟΜΑ 1074
SR001075;ΕΠΩΝΥΜΟ 1075;ΟΝΟΜΑ 1075
SR001076;ΕΠΩΝΥΜΟ 1076;ΟΝΟΜΑ 1076
SR001077;ΕΠΩΝΥΜΟ 1077;ΟΝΟΜΑ 1077
SR001078;ΕΠΩΝΥΜΟ 1078;ΟΝΟΜΑ 1078
SR001079;ΕΠΩΝΥΜΟ 1079;ΟΝΟΜΑ 1079
SR001080;ΕΠΩΝΥΜΟ 1080;ΟΝΟΜΑ 1080
SR001081;ΕΠΩΝΥΜΟ 1081;ΟΝΟΜΑ 1081
SR001082;ΕΠΩΝΥΜΟ 1082;ΟΝΟΜΑ 1082
SR001083;ΕΠΩΝΥΜΟ 1083;ΟΝΟΜΑ 1083
SR001084;ΕΠΩΝΥΜΟ 1084;ΟΝΟΜΑ 1084
SR001085;ΕΠΩΝΥΜΟ 1085;ΟΝΟΜΑ 1085
SR001086;ΕΠΩΝΥΜΟ 1086;ΟΝΟΜΑ 1086
SR001087;ΕΠΩΝΥΜΟ 1087;ΟΝΟΜΑ 1087
SR001088;ΕΠΩΝΥΜΟ 1088;ΟΝΟΜΑ 1088
SR001089;ΕΠΩΝΥΜΟ 1089;ΟΝΟΜΑ 1089
SR001090;ΕΠΩΝΥΜΟ 1090;ΟΝΟΜΑ 1090
SR001091;ΕΠΩΝΥΜΟ 1091;ΟΝΟΜΑ 1091
SR001092;ΕΠΩΝΥΜΟ 1092;ΟΝΟΜΑ 1092
SR001093;ΕΠΩΝΥΜΟ 1093;ΟΝΟΜΑ 1093
SR001094;ΕΠΩΝΥΜΟ 1094;ΟΝΟΜΑ 1094
SR001095;ΕΠΩΝΥΜΟ 1095;ΟΝΟΜΑ 1095
SR001096;ΕΠΩΝΥΜΟ 1096;ΟΝΟΜΑ 1096
SR001097;ΕΠΩΝΥΜΟ 1097;ΟΝΟΜΑ 1097
SR001098;ΕΠΩΝΥΜΟ 1098;ΟΝΟΜΑ 1098
SR001099;ΕΠΩΝΥΜΟ 1099;ΟΝΟΜΑ 1099
SR001100;ΕΠΩΝΥΜΟ 1100;ΟΝΟΜΑ 1100
SR001101;ΕΠΩΝΥΜΟ 1101;ΟΝΟΜΑ 1101
SR001102;ΕΠΩΝΥΜΟ 1102;ΟΝΟΜΑ 1102
SR001103;ΕΠΩΝΥΜΟ 1103;ΟΝΟΜΑ 1103
SR001104;ΕΠΩΝΥΜΟ 1104;ΟΝΟΜΑ 1104
SR001105;ΕΠΩΝΥΜΟ 1105;ΟΝΟΜΑ 1105
SR001106;ΕΠΩΝΥΜΟ 1106;ΟΝΟΜΑ 1106
SR001107;ΕΠΩΝΥΜΟ 1107;ΟΝΟΜΑ 1107
SR001108;ΕΠΩΝΥΜΟ 1108;ΟΝΟΜΑ 1108
SR001109;ΕΠΩΝΥΜΟ 1109;ΟΝΟΜΑ 1109
SR001110;ΕΠΩΝΥΜΟ 1110;ΟΝΟΜΑ 1110
SR001111;ΕΠΩΝΥΜΟ 1111;ΟΝΟΜΑ 1111
SR001112;ΕΠΩΝΥΜΟ 1112;ΟΝΟΜΑ 1112
SR001113;ΕΠΩΝΥΜΟ 1113;ΟΝΟΜΑ 1113
SR001114;ΕΠΩΝΥΜΟ 1114;ΟΝΟΜΑ 1114
SR001115;ΕΠΩΝΥΜΟ 1115;ΟΝΟΜΑ 1115
SR001116;ΕΠΩΝΥΜΟ 1116;ΟΝΟΜΑ 1116
SR001117;ΕΠΩΝΥΜΟ 1117;ΟΝΟΜΑ 1117
SR001118;ΕΠΩΝΥΜΟ 1118;ΟΝΟΜΑ 1118
SR001119;ΕΠΩΝΥΜΟ 1119;ΟΝΟΜΑ 1119
SR001120;ΕΠΩΝΥΜΟ 1120;ΟΝΟΜΑ 1120
SR001121;ΕΠΩΝΥΜΟ 1121;ΟΝΟΜΑ 1121
SR001122;ΕΠΩΝΥΜΟ 1122;ΟΝΟΜΑ 1122
SR001123;ΕΠΩΝΥΜΟ 1123;ΟΝΟΜΑ 1123
SR001124;ΕΠΩΝΥΜΟ 1124;ΟΝΟΜΑ 1124
SR001125;ΕΠΩΝΥΜΟ 1125;ΟΝΟΜΑ 1125
SR001126;ΕΠΩΝΥΜΟ 1126;ΟΝΟΜΑ 1126
SR001127;ΕΠΩΝΥΜΟ 1127;ΟΝΟΜΑ 1127
SR001128;ΕΠΩΝΥΜΟ 1128;ΟΝΟΜΑ 1128
SR001129;ΕΠΩΝΥΜΟ 1129;ΟΝΟΜΑ 1129
SR001130;ΕΠΩΝΥΜΟ 1130;ΟΝΟΜΑ 1130
SR001131;ΕΠΩΝΥΜΟ 1131;ΟΝΟΜΑ 1131
SR001132;ΕΠΩΝΥΜΟ 1132;ΟΝΟΜΑ 1132
SR001133;ΕΠΩΝΥΜΟ 1133;ΟΝΟΜΑ 1133
SR001134;ΕΠΩΝΥΜΟ 1134;ΟΝΟΜΑ 1134
SR001135;ΕΠΩΝΥΜΟ 1135;ΟΝΟΜΑ 1135
SR001136;ΕΠΩΝΥΜΟ 1136;ΟΝΟΜΑ 1136
SR001137;ΕΠΩΝΥΜΟ 1137;ΟΝΟΜΑ 1137
SR001138;ΕΠΩΝΥΜΟ 1138;ΟΝΟΜΑ 1138
SR001139;ΕΠΩΝΥΜΟ 1139;ΟΝΟΜΑ 1139
SR001140;ΕΠΩΝΥΜΟ 1140;ΟΝΟΜΑ 1140
SR001141;ΕΠΩΝΥΜΟ 1141;ΟΝΟΜΑ 1141
SR001142;ΕΠΩΝΥΜΟ 1142;ΟΝΟΜΑ 1142
SR001143;ΕΠΩΝΥΜΟ 1143;ΟΝΟΜΑ 1143
SR001144;ΕΠΩΝΥΜΟ 1144;ΟΝΟΜΑ 1144
SR001145;ΕΠΩΝΥΜΟ 1145;ΟΝΟΜΑ 1145
SR001146;ΕΠΩΝΥΜΟ 1146;ΟΝΟΜΑ 1146
SR001147;ΕΠΩΝΥΜΟ 1147;ΟΝΟΜΑ 1147
SR001148;ΕΠΩΝΥΜΟ 1148;ΟΝΟΜΑ 1148
SR001149;ΕΠΩΝΥΜΟ 1149;ΟΝΟΜΑ 1149
SR001150;ΕΠΩΝΥΜΟ 1150;ΟΝΟΜΑ 1150
SR001151;ΕΠΩΝΥΜΟ 1151;ΟΝΟΜΑ 1151
SR001152;ΕΠΩΝΥΜΟ 1152;ΟΝΟΜΑ 1152
SR001153;ΕΠΩΝΥΜΟ 1153;ΟΝΟΜΑ 1153
SR001154;ΕΠΩΝΥΜΟ 1154;ΟΝΟΜΑ 1154
SR001155;ΕΠΩΝΥΜΟ 1155;ΟΝΟΜΑ 1155
SR001156;ΕΠΩΝΥΜΟ 1156;ΟΝΟΜΑ 1156
SR001157;ΕΠΩΝΥΜΟ 1157;ΟΝΟΜΑ 1157
SR001158;ΕΠΩΝΥΜΟ 1158;ΟΝΟΜΑ 1158
SR001159;ΕΠΩΝΥΜΟ 1159;ΟΝΟΜΑ 1159
SR001160;ΕΠΩΝΥΜΟ 1160;ΟΝΟΜΑ 1160
SR001161;ΕΠΩΝΥΜΟ 1161;ΟΝΟΜΑ 1161
SR001162;ΕΠΩΝΥΜΟ 1162;ΟΝΟΜΑ 1162
SR001163;ΕΠΩΝΥΜΟ 1163;ΟΝΟΜΑ 1163
SR001164;ΕΠΩΝΥΜΟ 1164;ΟΝΟΜΑ 1164
SR001165;ΕΠΩΝΥΜΟ 1165;ΟΝΟΜΑ 1165
SR001166;ΕΠΩΝΥΜΟ 1166;ΟΝΟΜΑ 1166
SR001167;ΕΠΩΝΥΜΟ 1167;ΟΝΟΜΑ 1167
SR001168;ΕΠΩΝΥΜΟ 1168;ΟΝΟΜΑ 1168
SR001169;ΕΠΩΝΥΜΟ 1169;ΟΝΟΜΑ 1169
SR001170;ΕΠΩΝΥΜΟ 1170;ΟΝΟΜΑ 1170
SR001171;ΕΠΩΝΥΜΟ 1171;ΟΝΟΜΑ 1171
SR001172;ΕΠΩΝΥΜΟ 1172;ΟΝΟΜΑ 1172
SR001173;ΕΠΩΝΥΜΟ 1173;ΟΝΟΜΑ 1173
SR001174;ΕΠΩΝΥΜΟ 1174;ΟΝΟΜΑ 1174
SR001175;ΕΠΩΝΥΜΟ 1175;ΟΝΟΜΑ 1175
SR001176;ΕΠΩΝΥΜΟ 1176;ΟΝΟΜΑ 1176
SR001177;ΕΠΩΝΥΜΟ 1177;ΟΝΟΜΑ 1177
SR001178;ΕΠΩΝΥΜΟ 1178;ΟΝΟΜΑ 1178
SR001179;ΕΠΩΝΥΜΟ 1179;ΟΝΟΜΑ 1179
SR001180;ΕΠΩΝΥΜΟ 1180;ΟΝΟΜΑ 1180
SR001181;ΕΠΩΝΥΜΟ 1181;ΟΝΟΜΑ 1181
SR001182;ΕΠΩΝΥΜΟ 1182;ΟΝΟΜΑ 1182
SR001183;ΕΠΩΝΥΜΟ 1183;ΟΝΟΜΑ 1183
SR001184;ΕΠΩΝΥΜΟ 1184;ΟΝΟΜΑ 1184
SR001185;ΕΠΩΝΥΜΟ 1185;ΟΝΟΜΑ 1185
SR001186;ΕΠΩΝΥΜΟ 1186;ΟΝΟΜΑ 1186
SR001187;ΕΠΩΝΥΜΟ 1187;ΟΝΟΜΑ 1187
SR001188;ΕΠΩΝΥΜΟ 1188;ΟΝΟΜΑ 1188
SR001189;ΕΠΩΝΥΜΟ 1189;ΟΝΟΜΑ 1189
SR001190;ΕΠΩΝΥΜΟ 1190;ΟΝΟΜΑ 1190
SR001191;ΕΠΩΝΥΜΟ 1191;ΟΝΟΜΑ 1191
SR001192;ΕΠΩΝΥΜΟ 1192;ΟΝΟΜΑ 1192
SR001193;ΕΠΩΝΥΜΟ 1193;ΟΝΟΜΑ 1193
SR001194;ΕΠΩΝΥΜΟ 1194;ΟΝΟΜΑ 1194
SR001195;ΕΠΩΝΥΜΟ 1195;ΟΝΟΜΑ 1195
SR001196;ΕΠΩΝΥΜΟ 1196;ΟΝΟΜΑ 1196
SR001197;ΕΠΩΝΥΜΟ 1197;ΟΝΟΜΑ 1197
SR001198;ΕΠΩΝΥΜΟ 1198;ΟΝΟΜΑ 1198
SR001199;ΕΠΩΝΥΜΟ 1199;ΟΝΟΜΑ 1199
SR001200;ΕΠΩΝΥΜΟ 1200;ΟΝΟΜΑ 1200
SR001201;ΕΠΩΝΥΜΟ 1201;ΟΝΟΜΑ 1201
SR001202;ΕΠΩΝΥΜΟ 1202;ΟΝΟΜΑ 1202
SR001203;ΕΠΩΝΥΜΟ 1203;ΟΝΟΜΑ 1203
SR001204;ΕΠΩΝΥΜΟ 1204;ΟΝΟΜΑ 1204
SR001205;ΕΠΩΝΥΜΟ 1205;ΟΝΟΜΑ 1205
SR001206;ΕΠΩΝΥΜΟ 1206;ΟΝΟΜΑ 1206
SR001207;ΕΠΩΝΥΜΟ 1207;ΟΝΟΜΑ 1207
SR001208;ΕΠΩΝΥΜΟ 1208;ΟΝΟΜΑ 1208
SR001209;ΕΠΩΝΥΜΟ 1209;ΟΝΟΜΑ 1209
SR001210;ΕΠΩΝΥΜΟ 1210;ΟΝΟΜΑ 1210
SR001211;ΕΠΩΝΥΜΟ 1211;ΟΝΟΜΑ 1211
SR001212;ΕΠΩΝΥΜΟ 1212;ΟΝΟΜΑ 1212
SR001213;ΕΠΩΝΥΜΟ 1213;ΟΝΟΜΑ 1213
SR001214;ΕΠΩΝΥΜΟ 1214;ΟΝΟΜΑ 1214
SR001215;ΕΠΩΝΥΜΟ 1215;ΟΝΟΜΑ 1215
SR001216;ΕΠΩΝΥΜΟ 1216;ΟΝΟΜΑ 1216
SR001217;ΕΠΩΝΥΜΟ 1217;ΟΝΟΜΑ 1217
SR001218;ΕΠΩΝΥΜΟ 1218;ΟΝΟΜΑ 1218
SR001219;ΕΠΩΝΥΜΟ 1219;ΟΝΟΜΑ 1219
SR001220;ΕΠΩΝΥΜΟ 1220;ΟΝΟΜΑ 1220
SR001221;ΕΠΩΝΥΜΟ 1221;ΟΝΟΜΑ 1221
SR001222;ΕΠΩΝΥΜΟ 1222;ΟΝΟΜΑ 1222
SR001223;ΕΠΩΝΥΜΟ 1223;ΟΝΟΜΑ 1223
SR001224;ΕΠΩΝΥΜΟ 1224;ΟΝΟΜΑ 1224
SR001225;ΕΠΩΝΥΜΟ 1225;ΟΝΟΜΑ 1225
SR001226;ΕΠΩΝΥΜΟ 1226;ΟΝΟΜΑ 1226
SR001227;ΕΠΩΝΥΜΟ 1227;ΟΝΟΜΑ 1227
SR001228;ΕΠΩΝΥΜΟ 1228;ΟΝΟΜΑ 1228
SR001229;ΕΠΩΝΥΜΟ 1229;ΟΝΟΜΑ 1229
SR001230;ΕΠΩΝΥΜΟ 1230;ΟΝΟΜΑ 1230
SR001231;ΕΠΩΝΥΜΟ 1231;ΟΝΟΜΑ 1231
SR001232;ΕΠΩΝΥΜΟ 1232;ΟΝΟΜΑ 1232
SR001233;ΕΠΩΝΥΜΟ 1233;ΟΝΟΜΑ 1233
SR001234;ΕΠΩΝΥΜΟ 1234;ΟΝΟΜΑ 1234
SR001235;ΕΠΩΝΥΜΟ 1235;ΟΝΟΜΑ 1235
SR001236;ΕΠΩΝΥΜΟ 1236;ΟΝΟΜΑ 1236
SR001237;ΕΠΩΝΥΜΟ 1237;ΟΝΟΜΑ 1237
SR001238;ΕΠΩΝΥΜΟ 1238;ΟΝΟΜΑ 1238
SR001239;ΕΠΩΝΥΜΟ 1239;ΟΝΟΜΑ 1239
SR001240;ΕΠΩΝΥΜΟ 1240;ΟΝΟΜΑ 1240
SR001241;ΕΠΩΝΥΜΟ 1241;ΟΝΟΜΑ 1241
SR001242;ΕΠΩΝΥΜΟ 1242;ΟΝΟΜΑ 1242
SR001243;ΕΠΩΝΥΜΟ 1243;ΟΝΟΜΑ 1243
SR001244;ΕΠΩΝΥΜΟ 1244;ΟΝΟΜΑ 1244
SR001245;ΕΠΩΝΥΜΟ 1245;ΟΝΟΜΑ 1245
SR001246;ΕΠΩΝΥΜΟ 1246;ΟΝΟΜΑ 1246
SR001247;ΕΠΩΝΥΜΟ 1247;ΟΝΟΜΑ 1247
SR001248;ΕΠΩΝΥΜΟ 1248;ΟΝΟΜΑ 1248
SR001249;ΕΠΩΝΥΜΟ 1249;ΟΝΟΜΑ 1249
SR001250;ΕΠΩΝΥΜΟ 1250;ΟΝΟΜΑ 1250
SR001251;ΕΠΩΝΥΜΟ 1251;ΟΝΟΜΑ 1251
SR001252;ΕΠΩΝΥΜΟ 1252;ΟΝΟΜΑ 1252
SR001253;ΕΠΩΝΥΜΟ 1253;ΟΝΟΜΑ 1253
SR001254;ΕΠΩΝΥΜΟ 1254;ΟΝΟΜΑ 1254
SR001255;ΕΠΩΝΥΜΟ 1255;ΟΝΟΜΑ 1255
SR001256;ΕΠΩΝΥΜΟ 1256;ΟΝΟΜΑ 1256
SR001257;ΕΠΩΝΥΜΟ 1257;ΟΝΟΜΑ 1257
SR001258;ΕΠΩΝΥΜΟ 1258;ΟΝΟΜΑ 1258
SR001259;ΕΠΩΝΥΜΟ 1259;ΟΝΟΜΑ 1259
SR001260;ΕΠΩΝΥΜΟ 1260;ΟΝΟΜΑ 1260
SR001261;ΕΠΩΝΥΜΟ 1261;ΟΝΟΜΑ 1261
SR001262;ΕΠΩΝΥΜΟ 1262;ΟΝΟΜΑ 1262
SR001263;ΕΠΩΝΥΜΟ 1263;ΟΝΟΜΑ 1263
SR001264;ΕΠΩΝΥΜΟ 1264;ΟΝΟΜΑ 1264
SR001265;ΕΠΩΝΥΜΟ 1265;ΟΝΟΜΑ 1265
SR001266;ΕΠΩΝΥΜΟ 1266;ΟΝΟΜΑ 1266
SR001267;ΕΠΩΝΥΜΟ 1267;ΟΝΟΜΑ 1267
SR001268;ΕΠΩΝΥΜΟ 1268;ΟΝΟΜΑ 1268
SR001269;ΕΠΩΝΥΜΟ 1269;ΟΝΟΜΑ 1269
SR001270;ΕΠΩΝΥΜΟ 1270;ΟΝΟΜΑ 1270
SR001271;ΕΠΩΝΥΜΟ 1271;ΟΝΟΜΑ 1271
SR001272;ΕΠΩΝΥΜΟ 1272;ΟΝΟΜΑ 1272
SR001273;ΕΠΩΝΥΜΟ 1273;ΟΝΟΜΑ 1273
SR001274;ΕΠΩΝΥΜΟ 1274;ΟΝΟΜΑ 1274
SR001275;ΕΠΩΝΥΜΟ 1275;ΟΝΟΜΑ 1275
SR001276;ΕΠΩΝΥΜΟ 1276;ΟΝΟΜΑ 1276
SR001277;ΕΠΩΝΥΜΟ 1277;ΟΝΟΜΑ 1277
SR001278;ΕΠΩΝΥΜΟ 1278;ΟΝΟΜΑ 1278
SR001279;ΕΠΩΝΥΜΟ 1279;ΟΝΟΜΑ 1279
SR001280;ΕΠΩΝΥΜΟ 1280;ΟΝΟΜΑ 1280
SR001281;ΕΠΩΝΥΜΟ 1281;ΟΝΟΜΑ 1281
SR001282;ΕΠΩΝΥΜΟ 1282;ΟΝΟΜΑ 1282
SR001283;ΕΠΩΝΥΜΟ 1283;ΟΝΟΜΑ 1283
SR001284;ΕΠΩΝΥΜΟ 1284;ΟΝΟΜΑ 1284
SR001285;ΕΠΩΝΥΜΟ 1285;ΟΝΟΜΑ 1285
SR001286;ΕΠΩΝΥΜΟ 1286;ΟΝΟΜΑ 1286
SR001287;ΕΠΩΝΥΜΟ 1287;ΟΝΟΜΑ 1287
SR001288;ΕΠΩΝΥΜΟ 1288;ΟΝΟΜΑ 1288
SR001289;ΕΠΩΝΥΜΟ 1289;ΟΝΟΜΑ 1289
SR001290;ΕΠΩΝΥΜΟ 1290;ΟΝΟΜΑ 1290
SR001291;ΕΠΩΝΥΜΟ 1291;ΟΝΟΜΑ 1291
SR001292;ΕΠΩΝΥΜΟ 1292;ΟΝΟΜΑ 1292
SR001293;ΕΠΩΝΥΜΟ 1293;ΟΝΟΜΑ 1293
SR001294;ΕΠΩΝΥΜΟ 1294;ΟΝΟΜΑ 1294
SR001295;ΕΠΩΝΥΜΟ 1295;ΟΝΟΜΑ 1295
SR001296;ΕΠΩΝΥΜΟ 1296;ΟΝΟΜΑ 1296
SR001297;ΕΠΩΝΥΜΟ 1297;ΟΝΟΜΑ 1297
SR001298;ΕΠΩΝΥΜΟ 1298;ΟΝΟΜΑ 1298
SR001299;ΕΠΩΝΥΜΟ 1299;ΟΝΟΜΑ 1299
SR001300;ΕΠΩΝΥΜΟ 1300;ΟΝΟΜΑ 1300
SR001301;ΕΠΩΝΥΜΟ 1301;ΟΝΟΜΑ 1301
SR001302;ΕΠΩΝΥΜΟ 1302;ΟΝΟΜΑ 1302
SR001303;ΕΠΩΝΥΜΟ 1303;ΟΝΟΜΑ 1303
SR001304;ΕΠΩΝΥΜΟ 1304;ΟΝΟΜΑ 1304
SR001305;ΕΠΩΝΥΜΟ 1305;ΟΝΟΜΑ 1305
SR001306;ΕΠΩΝΥΜΟ 1306;ΟΝΟΜΑ 1306
SR001307;ΕΠΩΝΥΜΟ 1307;ΟΝΟΜΑ 1307
SR001308;ΕΠΩΝΥΜΟ 1308;ΟΝΟΜΑ 1308
SR001309;ΕΠΩΝΥΜΟ 1309;ΟΝΟΜΑ 1309
SR001310;ΕΠΩΝΥΜΟ 1310;ΟΝΟΜΑ 1310
SR001311;ΕΠΩΝΥΜΟ 1311;ΟΝΟΜΑ 1311
SR001312;ΕΠΩΝΥΜΟ 1312;ΟΝΟΜΑ 1312
SR001313;ΕΠΩΝΥΜΟ 1313;ΟΝΟΜΑ 1313
SR001314;ΕΠΩΝΥΜΟ 1314;ΟΝΟΜΑ 1314
SR001315;ΕΠΩΝΥΜΟ 1315;ΟΝΟΜΑ 1315
SR001316;ΕΠΩΝΥΜΟ 1316;ΟΝΟΜΑ 1316
SR001317;ΕΠΩΝΥΜΟ 1317;ΟΝΟΜΑ 1317
SR001318;ΕΠΩΝΥΜΟ 1318;ΟΝΟΜΑ 1318
SR001319;ΕΠΩΝΥΜΟ 1319;ΟΝΟΜΑ 1319
SR001320;ΕΠΩΝΥΜΟ 1320;ΟΝΟΜΑ 1320
SR001321;ΕΠΩΝΥΜΟ 1321;ΟΝΟΜΑ 1321
SR001322;ΕΠΩΝΥΜΟ 1322;ΟΝΟΜΑ 1322
SR001323;ΕΠΩΝΥΜΟ 1323;ΟΝΟΜΑ 1323
SR001324;ΕΠΩΝΥΜΟ 1324;ΟΝΟΜΑ 1324
SR001325;ΕΠΩΝΥΜΟ 1325;ΟΝΟΜΑ 1325
SR001326;ΕΠΩΝΥΜΟ 1326;ΟΝΟΜΑ 1326
SR001327;ΕΠΩΝΥΜΟ 1327;ΟΝΟΜΑ 1327
SR001328;ΕΠΩΝΥΜΟ 1328;ΟΝΟΜΑ 1328
SR001329;ΕΠΩΝΥΜΟ 1329;ΟΝΟΜΑ 1329
SR001330;ΕΠΩΝΥΜΟ 1330;ΟΝΟΜΑ 1330
SR001331;ΕΠΩΝΥΜΟ 1331;ΟΝΟΜΑ 1331
SR001332;ΕΠΩΝΥΜΟ 1332;ΟΝΟΜΑ 1332
SR001333;ΕΠΩΝΥΜΟ 1333;ΟΝΟΜΑ 1333
SR001334;ΕΠΩΝΥΜΟ 1334;ΟΝΟΜΑ 1334
SR001335;ΕΠΩΝΥΜΟ 1335;ΟΝΟΜΑ 1335
SR001336;ΕΠΩΝΥΜΟ 1336;ΟΝΟΜΑ 1336
SR001337;ΕΠΩΝΥΜΟ 1337;ΟΝΟΜΑ 1337
SR001338;ΕΠΩΝΥΜΟ 1338;ΟΝΟΜΑ 1338
SR001339;ΕΠΩΝΥΜΟ 1339;ΟΝΟΜΑ 1339
SR001340;ΕΠΩΝΥΜΟ 1340;ΟΝΟΜΑ 1340
SR001341;ΕΠΩΝΥΜΟ 1341;ΟΝΟΜΑ 1341
SR001342;ΕΠΩΝΥΜΟ 1342;ΟΝΟΜΑ 1342
SR001343;ΕΠΩΝΥΜΟ 1343;ΟΝΟΜΑ 1343
SR001344;ΕΠΩΝΥΜΟ 1344;ΟΝΟΜΑ 1344
SR001345;ΕΠΩΝΥΜΟ 1345;ΟΝΟΜΑ 1345
SR001346;ΕΠΩΝΥΜΟ 1346;ΟΝΟΜΑ 1346
SR001347;ΕΠΩΝΥΜΟ 1347;ΟΝΟΜΑ 1347
SR001348;ΕΠΩΝΥΜΟ 1348;ΟΝΟΜΑ 1348
SR001349;ΕΠΩΝΥΜΟ 1349;ΟΝΟΜΑ 1349
SR001350;ΕΠΩΝΥΜΟ 1350;ΟΝΟΜΑ 1350
SR001351;ΕΠΩΝΥΜΟ 1351;ΟΝΟΜΑ 1351
SR001352;ΕΠΩΝΥΜΟ 1352;ΟΝΟΜΑ 1352
SR001353;ΕΠΩΝΥΜΟ 1353;ΟΝΟΜΑ 1353
SR001354;ΕΠΩΝΥΜΟ 1354;ΟΝΟΜΑ 1354
SR001355;ΕΠΩΝΥΜΟ 1355;ΟΝΟΜΑ 1355
SR001356;ΕΠΩΝΥΜΟ 1356;ΟΝΟΜΑ 1356
SR001357;ΕΠΩΝΥΜΟ 1357;ΟΝΟΜΑ 1357
SR001358;ΕΠΩΝΥΜΟ 1358;ΟΝΟΜΑ 1358
SR001359;ΕΠΩΝΥΜΟ 1359;ΟΝΟΜΑ 1359
SR001360;ΕΠΩΝΥΜΟ 1360;ΟΝΟΜΑ 1360
SR001361;ΕΠΩΝΥΜΟ 1361;ΟΝΟΜΑ 1361
SR001362;ΕΠΩΝΥΜΟ 1362;ΟΝΟΜΑ 1362
SR001363;ΕΠΩΝΥΜΟ 1363;ΟΝΟΜΑ 1363
SR001364;ΕΠΩΝΥΜΟ 1364;ΟΝΟΜΑ 1364
SR001365;ΕΠΩΝΥΜΟ 1365;ΟΝΟΜΑ 1365
SR001366;ΕΠΩΝΥΜΟ 1366;ΟΝΟΜΑ 1366
SR001367;ΕΠΩΝΥΜΟ 1367;ΟΝΟΜΑ 1367
SR001368;ΕΠΩΝΥΜΟ 1368;ΟΝΟΜΑ 1368
SR001369;ΕΠΩΝΥΜΟ 1369;ΟΝΟΜΑ 1369
SR001370;ΕΠΩΝΥΜΟ 1370;ΟΝΟΜΑ 1370
SR001371;ΕΠΩΝΥΜΟ 1371;ΟΝΟΜΑ 1371
SR001372;ΕΠΩΝΥΜΟ 1372;ΟΝΟΜΑ 1372
SR001373;ΕΠΩΝΥΜΟ 1373;ΟΝΟΜΑ 1373
SR001374;ΕΠΩΝΥΜΟ 1374;ΟΝΟΜΑ 1374
SR001375;ΕΠΩΝΥΜΟ 1375;ΟΝΟΜΑ 1375
SR001376;ΕΠΩΝΥΜΟ 1376;ΟΝΟΜΑ 1376
SR001377;ΕΠΩΝΥΜΟ 1377;ΟΝΟΜΑ 1377
SR001378;ΕΠΩΝΥΜΟ 1378;ΟΝΟΜΑ 1378
SR001379;ΕΠΩΝΥΜΟ 1379;ΟΝΟΜΑ 1379
SR001380;ΕΠΩΝΥΜΟ 1380;ΟΝΟΜΑ 1380
SR001381;ΕΠΩΝΥΜΟ 1381;ΟΝΟΜΑ 1381
SR001382;ΕΠΩΝΥΜΟ 1382;ΟΝΟΜΑ 1382
SR001383;ΕΠΩΝΥΜΟ 1383;ΟΝΟΜΑ 1383
SR001384;ΕΠΩΝΥΜΟ 1384;ΟΝΟΜΑ 1384
SR001385;ΕΠΩΝΥΜΟ 1385;ΟΝΟΜΑ 1385
SR001386;ΕΠΩΝΥΜΟ 1386;ΟΝΟΜΑ 1386
SR001387;ΕΠΩΝΥΜΟ 1387;ΟΝΟΜΑ 1387
SR001388;ΕΠΩΝΥΜΟ 1388;ΟΝΟΜΑ 1388
SR001389;ΕΠΩΝΥΜΟ 1389;ΟΝΟΜΑ 1389
SR001390;ΕΠΩΝΥΜΟ 1390;ΟΝΟΜΑ 1390
SR001391;ΕΠΩΝΥΜΟ 1391;ΟΝΟΜΑ 1391
SR001392;ΕΠΩΝΥΜΟ 1392;ΟΝΟΜΑ 1392
SR001393;ΕΠΩΝΥΜΟ 1393;ΟΝΟΜΑ 1393
SR001394;ΕΠΩΝΥΜΟ 1394;ΟΝΟΜΑ 1394
SR001395;ΕΠΩΝΥΜΟ 1395;ΟΝΟΜΑ 1395
SR001396;ΕΠΩΝΥΜΟ 1396;ΟΝΟΜΑ 1396
SR001397;ΕΠΩΝΥΜΟ 1397;ΟΝΟΜΑ 1397
SR001398;ΕΠΩΝΥΜΟ 1398;ΟΝΟΜΑ 1398
SR001399;ΕΠΩΝΥΜΟ 1399;ΟΝΟΜΑ 1399
SR001400;ΕΠΩΝΥΜΟ 1400;ΟΝΟΜΑ 1400
SR001401;ΕΠΩΝΥΜΟ 1401;ΟΝΟΜΑ 1401
SR001402;ΕΠΩΝΥΜΟ 1402;ΟΝΟΜΑ 1402
SR001403;ΕΠΩΝΥΜΟ 1403;ΟΝΟΜΑ 1403
SR001404;ΕΠΩΝΥΜΟ 1404;ΟΝΟΜΑ 1404
SR001405;ΕΠΩΝΥΜΟ 1405;ΟΝΟΜΑ 1405
SR001406;ΕΠΩΝΥΜΟ 1406;ΟΝΟΜΑ 1406
SR001407;ΕΠΩΝΥΜΟ 1407;ΟΝΟΜΑ 1407
SR001408;ΕΠΩΝΥΜΟ 1408;ΟΝΟΜΑ 1408
SR001409;ΕΠΩΝΥΜΟ 1409;ΟΝΟΜΑ 1409
SR001410;ΕΠΩΝΥΜΟ 1410;ΟΝΟΜΑ 1410
SR001411;ΕΠΩΝΥΜΟ 1411;ΟΝΟΜΑ 1411
SR001412;ΕΠΩΝΥΜΟ 1412;ΟΝΟΜΑ 1412
SR001413;ΕΠΩΝΥΜΟ 1413;ΟΝΟΜΑ 1413
SR001414;ΕΠΩΝΥΜΟ 1414;ΟΝΟΜΑ 1414
SR001415;ΕΠΩΝΥΜΟ 1415;ΟΝΟΜΑ 1415
SR001416;ΕΠΩΝΥΜΟ 1416;ΟΝΟΜΑ 1416
SR001417;ΕΠΩΝΥΜΟ 1417;ΟΝΟΜΑ 1417
SR001418;ΕΠΩΝΥΜΟ 1418;ΟΝΟΜΑ 1418
SR001419;ΕΠΩΝΥΜΟ 1419;ΟΝΟΜΑ 1419
SR001420;ΕΠΩΝΥΜΟ 1420;ΟΝΟΜΑ 1420
SR001421;ΕΠΩΝΥΜΟ 1421;ΟΝΟΜΑ 1421
SR001422;ΕΠΩΝΥΜΟ 1422;ΟΝΟΜΑ 1422
SR001423;ΕΠΩΝΥΜΟ 1423;ΟΝΟΜΑ 1423
SR001424;ΕΠΩΝΥΜΟ 1424;ΟΝΟΜΑ 1424
SR001425;ΕΠΩΝΥΜΟ 1425;ΟΝΟΜΑ 1425
SR001426;ΕΠΩΝΥΜΟ 1426;ΟΝΟΜΑ 1426
SR001427;ΕΠΩΝΥΜΟ 1427;ΟΝΟΜΑ 1427
SR001428;ΕΠΩΝΥΜΟ 1428;ΟΝΟΜΑ 1428
SR001429;ΕΠΩΝΥΜΟ 1429;ΟΝΟΜΑ 1429
SR001430;ΕΠΩΝΥΜΟ 1430;ΟΝΟΜΑ 1430
SR001431;ΕΠΩΝΥΜΟ 1431;ΟΝΟΜΑ 1431
SR001432;ΕΠΩΝΥΜΟ 1432;ΟΝΟΜΑ 1432
SR001433;ΕΠΩΝΥΜΟ 1433;ΟΝΟΜΑ 1433
SR001434;ΕΠΩΝΥΜΟ 1434;ΟΝΟΜΑ 1434
SR001435;ΕΠΩΝΥΜΟ 1435;ΟΝΟΜΑ 1435
SR001436;ΕΠΩΝΥΜΟ 1436;ΟΝΟΜΑ 1436
SR001437;ΕΠΩΝΥΜΟ 1437;ΟΝΟΜΑ 1437
SR001438;ΕΠΩΝΥΜΟ 1438;ΟΝΟΜΑ 1438
SR001439;ΕΠΩΝΥΜΟ 1439;ΟΝΟΜΑ 1439
SR001440;ΕΠΩΝΥΜΟ 1440;ΟΝΟΜΑ 1440
SR001441;ΕΠΩΝΥΜΟ 1441;ΟΝΟΜΑ 1441
SR001442;ΕΠΩΝΥΜΟ 1442;ΟΝΟΜΑ 1442
SR001443;ΕΠΩΝΥΜΟ 1443;ΟΝΟΜΑ 1443
SR001444;ΕΠΩΝΥΜΟ 1444;ΟΝΟΜΑ 1444
SR001445;ΕΠΩΝΥΜΟ 1445;ΟΝΟΜΑ 1445
SR001446;ΕΠΩΝΥΜΟ 1446;ΟΝΟΜΑ 1446
SR001447;ΕΠΩΝΥΜΟ 1447;ΟΝΟΜΑ 1447
SR001448;ΕΠΩΝΥΜΟ 1448;ΟΝΟΜΑ 1448
SR001449;ΕΠΩΝΥΜΟ 1449;ΟΝΟΜΑ 1449
SR001450;ΕΠΩΝΥΜΟ 1450;ΟΝΟΜΑ 1450
SR001451;ΕΠΩΝΥΜΟ 1451;ΟΝΟΜΑ 1451
SR001452;ΕΠΩΝΥΜΟ 1452;ΟΝΟΜΑ 1452
SR001453;ΕΠΩΝΥΜΟ 1453;ΟΝΟΜΑ 1453
SR001454;ΕΠΩΝΥΜΟ 1454;ΟΝΟΜΑ 1454
SR001455;ΕΠΩΝΥΜΟ 1455;ΟΝΟΜΑ 1455
SR001456;ΕΠΩΝΥΜΟ 1456;ΟΝΟΜΑ 1456
SR001457;ΕΠΩΝΥΜΟ 1457;ΟΝΟΜΑ 1457
SR001458;ΕΠΩΝΥΜΟ 1458;ΟΝΟΜΑ 1458
SR001459;ΕΠΩΝΥΜΟ 1459;ΟΝΟΜΑ 1459
SR001460;ΕΠΩΝΥΜΟ 1460;ΟΝΟΜΑ 1460
SR001461;ΕΠΩΝΥΜΟ 1461;ΟΝΟΜΑ 1461
SR001462;ΕΠΩΝΥΜΟ 1462;ΟΝΟΜΑ 1462
SR001463;ΕΠΩΝΥΜΟ 1463;ΟΝΟΜΑ 1463
SR001464;ΕΠΩΝΥΜΟ 1464;ΟΝΟΜΑ 1464
SR001465;ΕΠΩΝΥΜΟ 1465;ΟΝΟΜΑ 1465
SR001466;ΕΠΩΝΥΜΟ 1466;ΟΝΟΜΑ 1466
SR001467;ΕΠΩΝΥΜΟ 1467;ΟΝΟΜΑ 1467
SR001468;ΕΠΩΝΥΜΟ 1468;ΟΝΟΜΑ 1468
SR001469;ΕΠΩΝΥΜΟ 1469;ΟΝΟΜΑ 1469
SR001470;ΕΠΩΝΥΜΟ 1470;ΟΝΟΜΑ 1470
SR001471;ΕΠΩΝΥΜΟ 1471;ΟΝΟΜΑ 1471
SR001472;ΕΠΩΝΥΜΟ 1472;ΟΝΟΜΑ 1472
SR001473;ΕΠΩΝΥΜΟ 1473;ΟΝΟΜΑ 1473
SR001474;ΕΠΩΝΥΜΟ 1474;ΟΝΟΜΑ 1474
SR001475;ΕΠΩΝΥΜΟ 1475;ΟΝΟΜΑ 1475
SR001476;ΕΠΩΝΥΜΟ 1476;ΟΝΟΜΑ 1476
SR001477;ΕΠΩΝΥΜΟ 1477;ΟΝΟΜΑ 1477
SR001478;ΕΠΩΝΥΜΟ 1478;ΟΝΟΜΑ 1478
SR001479;ΕΠΩΝΥΜΟ 1479;ΟΝΟΜΑ 1479
SR001480;ΕΠΩΝΥΜΟ 1480;ΟΝΟΜΑ 1480
SR001481;ΕΠΩΝΥΜΟ 1481;ΟΝΟΜΑ 1481
SR001482;ΕΠΩΝΥΜΟ 1482;ΟΝΟΜΑ 1482
SR001483;ΕΠΩΝΥΜΟ 1483;ΟΝΟΜΑ 1483
SR001484;ΕΠΩΝΥΜΟ 1484;ΟΝΟΜΑ 1484
SR001485;ΕΠΩΝΥΜΟ 1485;ΟΝΟΜΑ 1485
SR001486;ΕΠΩΝΥΜΟ 1486;ΟΝΟΜΑ 1486
SR001487;ΕΠΩΝΥΜΟ 1487;ΟΝΟΜΑ 1487
SR001488;ΕΠΩΝΥΜΟ 1488;ΟΝΟΜΑ 1488
SR001489;ΕΠΩΝΥΜΟ 1489;ΟΝΟΜΑ 1489
SR001490;ΕΠΩΝΥΜΟ 1490;ΟΝΟΜΑ 1490
SR001491;ΕΠΩΝΥΜΟ 1491;ΟΝΟΜΑ 1491
SR001492;ΕΠΩΝΥΜΟ 1492;ΟΝΟΜΑ 1492
SR001493;ΕΠΩΝΥΜΟ 1493;ΟΝΟΜΑ 1493
SR001494;ΕΠΩΝΥΜΟ 1494;ΟΝΟΜΑ 1494
SR001495;ΕΠΩΝΥΜΟ 1495;ΟΝΟΜΑ 1495
SR001496;ΕΠΩΝΥΜΟ 1496;ΟΝΟΜΑ 1496
SR001497;ΕΠΩΝΥΜΟ 1497;ΟΝΟΜΑ 1497
SR001498;ΕΠΩΝΥΜΟ 1498;ΟΝΟΜΑ 1498
SR001499;ΕΠΩΝΥΜΟ 1499;ΟΝΟΜΑ 1499
SR001500;ΕΠΩΝΥΜΟ 1500;ΟΝΟΜΑ 1500
SR001501;ΕΠΩΝΥΜΟ 1501;ΟΝΟΜΑ 1501
SR001502;ΕΠΩΝΥΜΟ 1502;ΟΝΟΜΑ 1502
SR001503;ΕΠΩΝΥΜΟ 1503;ΟΝΟΜΑ 1503
SR001504;ΕΠΩΝΥΜΟ 1504;ΟΝΟΜΑ 1504
SR001505;ΕΠΩΝΥΜΟ 1505;ΟΝΟΜΑ 1505
SR001506;ΕΠΩΝΥΜΟ 1506;ΟΝΟΜΑ 1506
SR001507;ΕΠΩΝΥΜΟ 1507;ΟΝΟΜΑ 1507
SR001508;ΕΠΩΝΥΜΟ 1508;ΟΝΟΜΑ 1508
SR001509;ΕΠΩΝΥΜΟ 1509;ΟΝΟΜΑ 1509
SR001510;ΕΠΩΝΥΜΟ 1510;ΟΝΟΜΑ 1510
SR001511;ΕΠΩΝΥΜΟ 1511;ΟΝΟΜΑ 1511
SR001512;ΕΠΩΝΥΜΟ 1512;ΟΝΟΜΑ 1512
SR001513;ΕΠΩΝΥΜΟ 1513;ΟΝΟΜΑ 1513
SR001514;ΕΠΩΝΥΜΟ 1514;ΟΝΟΜΑ 1514
SR001515;ΕΠΩΝΥΜΟ 1515;ΟΝΟΜΑ 1515
SR001516;ΕΠΩΝΥΜΟ 1516;ΟΝΟΜΑ 1516
SR001517;ΕΠΩΝΥΜΟ 1517;ΟΝΟΜΑ 1517
SR001518;ΕΠΩΝΥΜΟ 1518;ΟΝΟΜΑ 1518
SR001519;ΕΠΩΝΥΜΟ 1519;ΟΝΟΜΑ 1519
SR001520;ΕΠΩΝΥΜΟ 1520;ΟΝΟΜΑ 1520
SR001521;ΕΠΩΝΥΜΟ 1521;ΟΝΟΜΑ 1521
SR001522;ΕΠΩΝΥΜΟ 1522;ΟΝΟΜΑ 1522
SR001523;ΕΠΩΝΥΜΟ 1523;ΟΝΟΜΑ 1523
SR001524;ΕΠΩΝΥΜΟ 1524;ΟΝΟΜΑ 1524
SR001525;ΕΠΩΝΥΜΟ 1525;ΟΝΟΜΑ 1525
SR001526;ΕΠΩΝΥΜΟ 1526;ΟΝΟΜΑ 1526
SR001527;ΕΠΩΝΥΜΟ 1527;ΟΝΟΜΑ 1527
SR001528;ΕΠΩΝΥΜΟ 1528;ΟΝΟΜΑ 1528
SR001529;ΕΠΩΝΥΜΟ 1529;ΟΝΟΜΑ 1529
SR001530;ΕΠΩΝΥΜΟ 1530;ΟΝΟΜΑ 1530
SR001531;ΕΠΩΝΥΜΟ 1531;ΟΝΟΜΑ 1531
SR001532;ΕΠΩΝΥΜΟ 1532;ΟΝΟΜΑ 1532
SR001533;ΕΠΩΝΥΜΟ 1533;ΟΝΟΜΑ 1533
SR001534;ΕΠΩΝΥΜΟ 1534;ΟΝΟΜΑ 1534
SR001535;ΕΠΩΝΥΜΟ 1535;ΟΝΟΜΑ 1535
SR001536;ΕΠΩΝΥΜΟ 1536;ΟΝΟΜΑ 1536
SR001537;ΕΠΩΝΥΜΟ 1537;ΟΝΟΜΑ 1537
SR001538;ΕΠΩΝΥΜΟ 1538;ΟΝΟΜΑ 1538
SR001539;ΕΠΩΝΥΜΟ 1539;ΟΝΟΜΑ 1539
SR001540;ΕΠΩΝΥΜΟ 1540;ΟΝΟΜΑ 1540
SR001541;ΕΠΩΝΥΜΟ 1541;ΟΝΟΜΑ 1541
SR001542;ΕΠΩΝΥΜΟ 1542;ΟΝΟΜΑ 1542
SR001543;ΕΠΩΝΥΜΟ 1543;ΟΝΟΜΑ 1543
SR001544;ΕΠΩΝΥΜΟ 1544;ΟΝΟΜΑ 1544
SR001545;ΕΠΩΝΥΜΟ 1545;ΟΝΟΜΑ 1545
SR001546;ΕΠΩΝΥΜΟ 1546;ΟΝΟΜΑ 1546
SR001547;ΕΠΩΝΥΜΟ 1547;ΟΝΟΜΑ 1547
SR001548;ΕΠΩΝΥΜΟ 1548;ΟΝΟΜΑ 1548
SR001549;ΕΠΩΝΥΜΟ 1549;ΟΝΟΜΑ 1549
SR001550;ΕΠΩΝΥΜΟ 1550;ΟΝΟΜΑ 1550
SR001551;ΕΠΩΝΥΜΟ 1551;ΟΝΟΜΑ 1551
SR001552;ΕΠΩΝΥΜΟ 1552;ΟΝΟΜΑ 1552
SR001553;ΕΠΩΝΥΜΟ 1553;ΟΝΟΜΑ 1553
SR001554;ΕΠΩΝΥΜΟ 1554;ΟΝΟΜΑ 1554
SR001555;ΕΠΩΝΥΜΟ 1555;ΟΝΟΜΑ 1555
SR001556;ΕΠΩΝΥΜΟ 1556;ΟΝΟΜΑ 1556
SR001557;ΕΠΩΝΥΜΟ 1557;ΟΝΟΜΑ 1557
SR001558;ΕΠΩΝΥΜΟ 1558;ΟΝΟΜΑ 1558
SR001559;ΕΠΩΝΥΜΟ 1559;ΟΝΟΜΑ 1559
SR001560;ΕΠΩΝΥΜΟ 1560;ΟΝΟΜΑ 1560
SR001561;ΕΠΩΝΥΜΟ 1561;ΟΝΟΜΑ 1561
SR001562;ΕΠΩΝΥΜΟ 1562;ΟΝΟΜΑ 1562
SR001563;ΕΠΩΝΥΜΟ 1563;ΟΝΟΜΑ 1563
SR001564;ΕΠΩΝΥΜΟ 1564;ΟΝΟΜΑ 1564
SR001565;ΕΠΩΝΥΜΟ 1565;ΟΝΟΜΑ 1565
SR001566;ΕΠΩΝΥΜΟ 1566;ΟΝΟΜΑ 1566
SR001567;ΕΠΩΝΥΜΟ 1567;ΟΝΟΜΑ 1567
SR001568;ΕΠΩΝΥΜΟ 1568;ΟΝΟΜΑ 1568
SR001569;ΕΠΩΝΥΜΟ 1569;ΟΝΟΜΑ 1569
SR001570;ΕΠΩΝΥΜΟ 1570;ΟΝΟΜΑ 1570
SR001571;ΕΠΩΝΥΜΟ 1571;ΟΝΟΜΑ 1571
SR001572;ΕΠΩΝΥΜΟ 1572;ΟΝΟΜΑ 1572
SR001573;ΕΠΩΝΥΜΟ 1573;ΟΝΟΜΑ 1573
SR001574;ΕΠΩΝΥΜΟ 1574;ΟΝΟΜΑ 1574
SR001575;ΕΠΩΝΥΜΟ 1575;ΟΝΟΜΑ 1575
SR001576;ΕΠΩΝΥΜΟ 1576;ΟΝΟΜΑ 1576
SR001577;ΕΠΩΝΥΜΟ 1577;ΟΝΟΜΑ 1577
SR001578;ΕΠΩΝΥΜΟ 1578;ΟΝΟΜΑ 1578
SR001579;ΕΠΩΝΥΜΟ 1579;ΟΝΟΜΑ 1579
SR001580;ΕΠΩΝΥΜΟ 1580;ΟΝΟΜΑ 1580
SR001581;ΕΠΩΝΥΜΟ 1581;ΟΝΟΜΑ 1581
SR001582;ΕΠΩΝΥΜΟ 1582;ΟΝΟΜΑ 1582
SR001583;ΕΠΩΝΥΜΟ 1583;ΟΝΟΜΑ 1583
SR001584;ΕΠΩΝΥΜΟ 1584;ΟΝΟΜΑ 1584
SR001585;ΕΠΩΝΥΜΟ 1585;ΟΝΟΜΑ 1585
SR001586;ΕΠΩΝΥΜΟ 1586;ΟΝΟΜΑ 1586
SR001587;ΕΠΩΝΥΜΟ 1587;ΟΝΟΜΑ 1587
SR001588;ΕΠΩΝΥΜΟ 1588;ΟΝΟΜΑ 1588
SR001589;ΕΠΩΝΥΜΟ 1589;ΟΝΟΜΑ 1589
SR001590;ΕΠΩΝΥΜΟ 1590;ΟΝΟΜΑ 1590
SR001591;ΕΠΩΝΥΜΟ 1591;ΟΝΟΜΑ 1591
SR001592;ΕΠΩΝΥΜΟ 1592;ΟΝΟΜΑ 1592
SR001593;ΕΠΩΝΥΜΟ 1593;ΟΝΟΜΑ 1593
SR001594;ΕΠΩΝΥΜΟ 1594;ΟΝΟΜΑ 1594
SR001595;ΕΠΩΝΥΜΟ 1595;ΟΝΟΜΑ 1595
SR001596;ΕΠΩΝΥΜΟ 1596;ΟΝΟΜΑ 1596
SR001597;ΕΠΩΝΥΜΟ 1597;ΟΝΟΜΑ 1597
SR001598;ΕΠΩΝΥΜΟ 1598;ΟΝΟΜΑ 1598
SR001599;ΕΠΩΝΥΜΟ 1599;ΟΝΟΜΑ 1599
SR001600;ΕΠΩΝΥΜΟ 1600;ΟΝΟΜΑ 1600
SR001601;ΕΠΩΝΥΜΟ 1601;ΟΝΟΜΑ 1601
SR001602;ΕΠΩΝΥΜΟ 1602;ΟΝΟΜΑ 1602
SR001603;ΕΠΩΝΥΜΟ 1603;ΟΝΟΜΑ 1603
SR001604;ΕΠΩΝΥΜΟ 1604;ΟΝΟΜΑ 1604
SR001605;ΕΠΩΝΥΜΟ 1605;ΟΝΟΜΑ 1605
SR001606;ΕΠΩΝΥΜΟ 1606;ΟΝΟΜΑ 1606
SR001607;ΕΠΩΝΥΜΟ 1607;ΟΝΟΜΑ 1607
SR001608;ΕΠΩΝΥΜΟ 1608;ΟΝΟΜΑ 1608
SR001609;ΕΠΩΝΥΜΟ 1609;ΟΝΟΜΑ 1609
SR001610;ΕΠΩΝΥΜΟ 1610;ΟΝΟΜΑ 1610
SR001611;ΕΠΩΝΥΜΟ 1611;ΟΝΟΜΑ 1611
SR001612;ΕΠΩΝΥΜΟ 1612;ΟΝΟΜΑ 1612
SR001613;ΕΠΩΝΥΜΟ 1613;ΟΝΟΜΑ 1613
SR001614;ΕΠΩΝΥΜΟ 1614;ΟΝΟΜΑ 1614
SR001615;ΕΠΩΝΥΜΟ 1615;ΟΝΟΜΑ 1615
SR001616;ΕΠΩΝΥΜΟ 1616;ΟΝΟΜΑ 1616
SR001617;ΕΠΩΝΥΜΟ 1617;ΟΝΟΜΑ 1617
SR001618;ΕΠΩΝΥΜΟ 1618;ΟΝΟΜΑ 1618
SR001619;ΕΠΩΝΥΜΟ 1619;ΟΝΟΜΑ 1619
SR001620;ΕΠΩΝΥΜΟ 1620;ΟΝΟΜΑ 1620
SR001621;ΕΠΩΝΥΜΟ 1621;ΟΝΟΜΑ 1621
SR001622;ΕΠΩΝΥΜΟ 1622;ΟΝΟΜΑ 1622
SR001623;ΕΠΩΝΥΜΟ 1623;ΟΝΟΜΑ 1623
SR001624;ΕΠΩΝΥΜΟ 1624;ΟΝΟΜΑ 1624
SR001625;ΕΠΩΝΥΜΟ 1625;ΟΝΟΜΑ 1625
SR001626;ΕΠΩΝΥΜΟ 1626;ΟΝΟΜΑ 1626
SR001627;ΕΠΩΝΥΜΟ 1627;ΟΝΟΜΑ 1627
SR001628;ΕΠΩΝΥΜΟ 1628;ΟΝΟΜΑ 1628
SR001629;ΕΠΩΝΥΜΟ 1629;ΟΝΟΜΑ 1629
SR001630;ΕΠΩΝΥΜΟ 1630;ΟΝΟΜΑ 1630
SR001631;ΕΠΩΝΥΜΟ 1631;ΟΝΟΜΑ 1631
SR001632;ΕΠΩΝΥΜΟ 1632;ΟΝΟΜΑ 1632
SR001633;ΕΠΩΝΥΜΟ 1633;ΟΝΟΜΑ 1633
SR001634;ΕΠΩΝΥΜΟ 1634;ΟΝΟΜΑ 1634
SR001635;ΕΠΩΝΥΜΟ 1635;ΟΝΟΜΑ 1635
SR001636;ΕΠΩΝΥΜΟ 1636;ΟΝΟΜΑ 1636
SR001637;ΕΠΩΝΥΜΟ 1637;ΟΝΟΜΑ 1637
SR001638;ΕΠΩΝΥΜΟ 1638;ΟΝΟΜΑ 1638
SR001639;ΕΠΩΝΥΜΟ 1639;ΟΝΟΜΑ 1639
SR001640;ΕΠΩΝΥΜΟ 1640;ΟΝΟΜΑ 1640
SR001641;ΕΠΩΝΥΜΟ 1641;ΟΝΟΜΑ 1641
SR001642;ΕΠΩΝΥΜΟ 1642;ΟΝΟΜΑ 1642
SR001643;ΕΠΩΝΥΜΟ 1643;ΟΝΟΜΑ 1643
SR001644;ΕΠΩΝΥΜΟ 1644;ΟΝΟΜΑ 1644
SR001645;ΕΠΩΝΥΜΟ 1645;ΟΝΟΜΑ 1645
SR001646;ΕΠΩΝΥΜΟ 1646;ΟΝΟΜΑ 1646
SR001647;ΕΠΩΝΥΜΟ 1647;ΟΝΟΜΑ 1647
SR001648;ΕΠΩΝΥΜΟ 1648;ΟΝΟΜΑ 1648
SR001649;ΕΠΩΝΥΜΟ 1649;ΟΝΟΜΑ 1649
SR001650;ΕΠΩΝΥΜΟ 1650;ΟΝΟΜΑ 1650
SR001651;ΕΠΩΝΥΜΟ 1651;ΟΝΟΜΑ 1651
SR001652;ΕΠΩΝΥΜΟ 1652;ΟΝΟΜΑ 1652
SR001653;ΕΠΩΝΥΜΟ 1653;ΟΝΟΜΑ 1653
SR001654;ΕΠΩΝΥΜΟ 1654;ΟΝΟΜΑ 1654
SR001655;ΕΠΩΝΥΜΟ 1655;ΟΝΟΜΑ 1655
SR001656;ΕΠΩΝΥΜΟ 1656;ΟΝΟΜΑ 1656
SR001657;ΕΠΩΝΥΜΟ 1657;ΟΝΟΜΑ 1657
SR001658;ΕΠΩΝΥΜΟ 1658;ΟΝΟΜΑ 1658
SR001659;ΕΠΩΝΥΜΟ 1659;ΟΝΟΜΑ 1659
SR001660;ΕΠΩΝΥΜΟ 1660;ΟΝΟΜΑ 1660
SR001661;ΕΠΩΝΥΜΟ 1661;ΟΝΟΜΑ 1661
SR001662;ΕΠΩΝΥΜΟ 1662;ΟΝΟΜΑ 1662
SR001663;ΕΠΩΝΥΜΟ 1663;ΟΝΟΜΑ 1663
SR001664;ΕΠΩΝΥΜΟ 1664;ΟΝΟΜΑ 1664
SR001665;ΕΠΩΝΥΜΟ 1665;ΟΝΟΜΑ 1665
SR001666;ΕΠΩΝΥΜΟ 1666;ΟΝΟΜΑ 1666
SR001667;ΕΠΩΝΥΜΟ 1667;ΟΝΟΜΑ 1667
SR001668;ΕΠΩΝΥΜΟ 1668;ΟΝΟΜΑ 1668
SR001669;ΕΠΩΝΥΜΟ 1669;ΟΝΟΜΑ 1669
SR001670;ΕΠΩΝΥΜΟ 1670;ΟΝΟΜΑ 1670
SR001671;ΕΠΩΝΥΜΟ 1671;ΟΝΟΜΑ 1671
SR001672;ΕΠΩΝΥΜΟ 1672;ΟΝΟΜΑ 1672
SR001673;ΕΠΩΝΥΜΟ 1673;ΟΝΟΜΑ 1673
SR001674;ΕΠΩΝΥΜΟ 1674;ΟΝΟΜΑ 1674
SR001675;ΕΠΩΝΥΜΟ 1675;ΟΝΟΜΑ 1675
SR001676;ΕΠΩΝΥΜΟ 1676;ΟΝΟΜΑ 1676
SR001677;ΕΠΩΝΥΜΟ 1677;ΟΝΟΜΑ 1677
SR001678;ΕΠΩΝΥΜΟ 1678;ΟΝΟΜΑ 1678
SR001679;ΕΠΩΝΥΜΟ 1679;ΟΝΟΜΑ 1679
SR001680;ΕΠΩΝΥΜΟ 1680;ΟΝΟΜΑ 1680
SR001681;ΕΠΩΝΥΜΟ 1681;ΟΝΟΜΑ 1681
SR001682;ΕΠΩΝΥΜΟ 1682;ΟΝΟΜΑ 1682
SR001683;ΕΠΩΝΥΜΟ 1683;ΟΝΟΜΑ 1683
SR001684;ΕΠΩΝΥΜΟ 1684;ΟΝΟΜΑ 1684
SR001685;ΕΠΩΝΥΜΟ 1685;ΟΝΟΜΑ 1685
SR001686;ΕΠΩΝΥΜΟ 1686;ΟΝΟΜΑ 1686
SR001687;ΕΠΩΝΥΜΟ 1687;ΟΝΟΜΑ 1687
SR001688;ΕΠΩΝΥΜΟ 1688;ΟΝΟΜΑ 1688
SR001689;ΕΠΩΝΥΜΟ 1689;ΟΝΟΜΑ 1689
SR001690;ΕΠΩΝΥΜΟ 1690;ΟΝΟΜΑ 1690
SR001691;ΕΠΩΝΥΜΟ 1691;ΟΝΟΜΑ 1691
SR001692;ΕΠΩΝΥΜΟ 1692;ΟΝΟΜΑ 1692
SR001693;ΕΠΩΝΥΜΟ 1693;ΟΝΟΜΑ 1693
SR001694;ΕΠΩΝΥΜΟ 1694;ΟΝΟΜΑ 1694
SR001695;ΕΠΩΝΥΜΟ 1695;ΟΝΟΜΑ 1695
SR001696;ΕΠΩΝΥΜΟ 1696;ΟΝΟΜΑ 1696
SR001697;ΕΠΩΝΥΜΟ 1697;ΟΝΟΜΑ 1697
SR001698;ΕΠΩΝΥΜΟ 1698;ΟΝΟΜΑ 1698
SR001699;ΕΠΩΝΥΜΟ 1699;ΟΝΟΜΑ 1699
SR001700;ΕΠΩΝΥΜΟ 1700;ΟΝΟΜΑ 1700
SR001701;ΕΠΩΝΥΜΟ 1701;ΟΝΟΜΑ 1701
SR001702;ΕΠΩΝΥΜΟ 1702;ΟΝΟΜΑ 1702
SR001703;ΕΠΩΝΥΜΟ 1703;ΟΝΟΜΑ 1703
SR001704;ΕΠΩΝΥΜΟ 1704;ΟΝΟΜΑ 1704
SR001705;ΕΠΩΝΥΜΟ 1705;ΟΝΟΜΑ 1705
SR001706;ΕΠΩΝΥΜΟ 1706;ΟΝΟΜΑ 1706
SR001707;ΕΠΩΝΥΜΟ 1707;ΟΝΟΜΑ 1707
SR001708;ΕΠΩΝΥΜΟ 1708;ΟΝΟΜΑ 1708
SR001709;ΕΠΩΝΥΜΟ 1709;ΟΝΟΜΑ 1709
SR001710;ΕΠΩΝΥΜΟ 1710;ΟΝΟΜΑ 1710
SR001711;ΕΠΩΝΥΜΟ 1711;ΟΝΟΜΑ 1711
SR001712;ΕΠΩΝΥΜΟ 1712;ΟΝΟΜΑ 1712
SR001713;ΕΠΩΝΥΜΟ 1713;ΟΝΟΜΑ 1713
SR001714;ΕΠΩΝΥΜΟ 1714;ΟΝΟΜΑ 1714
SR001715;ΕΠΩΝΥΜΟ 1715;ΟΝΟΜΑ 1715
SR001716;ΕΠΩΝΥΜΟ 1716;ΟΝΟΜΑ 1716
SR001717;ΕΠΩΝΥΜΟ 1717;ΟΝΟΜΑ 1717
SR001718;ΕΠΩΝΥΜΟ 1718;ΟΝΟΜΑ 1718
SR001719;ΕΠΩΝΥΜΟ 1719;ΟΝΟΜΑ 1719
SR001720;ΕΠΩΝΥΜΟ 1720;ΟΝΟΜΑ 1720
SR001721;ΕΠΩΝΥΜΟ 1721;ΟΝΟΜΑ 1721
SR001722;ΕΠΩΝΥΜΟ 1722;ΟΝΟΜΑ 1722
SR001723;ΕΠΩΝΥΜΟ 1723;ΟΝΟΜΑ 1723
SR001724;ΕΠΩΝΥΜΟ 1724;ΟΝΟΜΑ 1724
SR001725;ΕΠΩΝΥΜΟ 1725;ΟΝΟΜΑ 1725
SR001726;ΕΠΩΝΥΜΟ 1726;ΟΝΟΜΑ 1726
SR001727;ΕΠΩΝΥΜΟ 1727;ΟΝΟΜΑ 1727
SR001728;ΕΠΩΝΥΜΟ 1728;ΟΝΟΜΑ 1728
SR001729;ΕΠΩΝΥΜΟ 1729;ΟΝΟΜΑ 1729
SR001730;ΕΠΩΝΥΜΟ 1730;ΟΝΟΜΑ 1730
SR001731;ΕΠΩΝΥΜΟ 1731;ΟΝΟΜΑ 1731
SR001732;ΕΠΩΝΥΜΟ 1732;ΟΝΟΜΑ 1732
SR001733;ΕΠΩΝΥΜΟ 1733;ΟΝΟΜΑ 1733
SR001734;ΕΠΩΝΥΜΟ 1734;ΟΝΟΜΑ 1734
SR001735;ΕΠΩΝΥΜΟ 1735;ΟΝΟΜΑ 1735
SR001736;ΕΠΩΝΥΜΟ 1736;ΟΝΟΜΑ 1736
SR001737;ΕΠΩΝΥΜΟ 1737;ΟΝΟΜΑ 1737
SR001738;ΕΠΩΝΥΜΟ 1738;ΟΝΟΜΑ 1738
SR001739;ΕΠΩΝΥΜΟ 1739;ΟΝΟΜΑ 1739
SR001740;ΕΠΩΝΥΜΟ 1740;ΟΝΟΜΑ 1740
SR001741;ΕΠΩΝΥΜΟ 1741;ΟΝΟΜΑ 1741
SR001742;ΕΠΩΝΥΜΟ 1742;ΟΝΟΜΑ 1742
SR001743;ΕΠΩΝΥΜΟ 1743;ΟΝΟΜΑ 1743
SR001744;ΕΠΩΝΥΜΟ 1744;ΟΝΟΜΑ 1744
SR001745;ΕΠΩΝΥΜΟ 1745;ΟΝΟΜΑ 1745
SR001746;ΕΠΩΝΥΜΟ 1746;ΟΝΟΜΑ 1746
SR001747;ΕΠΩΝΥΜΟ 1747;ΟΝΟΜΑ 1747
SR001748;ΕΠΩΝΥΜΟ 1748;ΟΝΟΜΑ 1748
SR001749;ΕΠΩΝΥΜΟ 1749;ΟΝΟΜΑ 1749
SR001750;ΕΠΩΝΥΜΟ 1750;ΟΝΟΜΑ 1750
SR001751;ΕΠΩΝΥΜΟ 1751;ΟΝΟΜΑ 1751
SR001752;ΕΠΩΝΥΜΟ 1752;ΟΝΟΜΑ 1752
SR001753;ΕΠΩΝΥΜΟ 1753;ΟΝΟΜΑ 1753
SR001754;ΕΠΩΝΥΜΟ 1754;ΟΝΟΜΑ 1754
SR001755;ΕΠΩΝΥΜΟ 1755;ΟΝΟΜΑ 1755
SR001756;ΕΠΩΝΥΜΟ 1756;ΟΝΟΜΑ 1756
SR001757;ΕΠΩΝΥΜΟ 1757;ΟΝΟΜΑ 1757
SR001758;ΕΠΩΝΥΜΟ 1758;ΟΝΟΜΑ 1758
SR001759;ΕΠΩΝΥΜΟ 1759;ΟΝΟΜΑ 1759
SR001760;ΕΠΩΝΥΜΟ 1760;ΟΝΟΜΑ 1760
SR001761;ΕΠΩΝΥΜΟ 1761;ΟΝΟΜΑ 1761
SR001762;ΕΠΩΝΥΜΟ 1762;ΟΝΟΜΑ 1762
SR001763;ΕΠΩΝΥΜΟ 1763;ΟΝΟΜΑ 1763
SR001764;ΕΠΩΝΥΜΟ 1764;ΟΝΟΜΑ 1764
SR001765;ΕΠΩΝΥΜΟ 1765;ΟΝΟΜΑ 1765
SR001766;ΕΠΩΝΥΜΟ 1766;ΟΝΟΜΑ 1766
SR001767;ΕΠΩΝΥΜΟ 1767;ΟΝΟΜΑ 1767
SR001768;ΕΠΩΝΥΜΟ 1768;ΟΝΟΜΑ 1768
SR001769;ΕΠΩΝΥΜΟ 1769;ΟΝΟΜΑ 1769
SR001770;ΕΠΩΝΥΜΟ 1770;ΟΝΟΜΑ 1770
SR001771;ΕΠΩΝΥΜΟ 1771;ΟΝΟΜΑ 1771
SR001772;ΕΠΩΝΥΜΟ 1772;ΟΝΟΜΑ 1772
SR001773;ΕΠΩΝΥΜΟ 1773;ΟΝΟΜΑ 1773
SR001774;ΕΠΩΝΥΜΟ 1774;ΟΝΟΜΑ 1774
SR001775;ΕΠΩΝΥΜΟ 1775;ΟΝΟΜΑ 1775
SR001776;ΕΠΩΝΥΜΟ 1776;ΟΝΟΜΑ 1776
SR001777;ΕΠΩΝΥΜΟ 1777;ΟΝΟΜΑ 1777
SR001778;ΕΠΩΝΥΜΟ 1778;ΟΝΟΜΑ 1778
SR001779;ΕΠΩΝΥΜΟ 1779;ΟΝΟΜΑ 1779
SR001780;ΕΠΩΝΥΜΟ 1780;ΟΝΟΜΑ 1780
SR001781;ΕΠΩΝΥΜΟ 1781;ΟΝΟΜΑ 1781
SR001782;ΕΠΩΝΥΜΟ 1782;ΟΝΟΜΑ 1782
SR001783;ΕΠΩΝΥΜΟ 1783;ΟΝΟΜΑ 1783
SR001784;ΕΠΩΝΥΜΟ 1784;ΟΝΟΜΑ 1784
SR001785;ΕΠΩΝΥΜΟ 1785;ΟΝΟΜΑ 1785
SR001786;ΕΠΩΝΥΜΟ 1786;ΟΝΟΜΑ 1786
SR001787;ΕΠΩΝΥΜΟ 1787;ΟΝΟΜΑ 1787
SR001788;ΕΠΩΝΥΜΟ 1788;ΟΝΟΜΑ 1788
SR001789;ΕΠΩΝΥΜΟ 1789;ΟΝΟΜΑ 1789
SR001790;ΕΠΩΝΥΜΟ 1790;ΟΝΟΜΑ 1790
SR001791;ΕΠΩΝΥΜΟ 1791;ΟΝΟΜΑ 1791
SR001792;ΕΠΩΝΥΜΟ 1792;ΟΝΟΜΑ 1792
SR001793;ΕΠΩΝΥΜΟ 1793;ΟΝΟΜΑ 1793
SR001794;ΕΠΩΝΥΜΟ 1794;ΟΝΟΜΑ 1794
SR001795;ΕΠΩΝΥΜΟ 1795;ΟΝΟΜΑ 1795
SR001796;ΕΠΩΝΥΜΟ 1796;ΟΝΟΜΑ 1796
SR001797;ΕΠΩΝΥΜΟ 1797;ΟΝΟΜΑ 1797
SR001798;ΕΠΩΝΥΜΟ 1798;ΟΝΟΜΑ 1798
SR001799;ΕΠΩΝΥΜΟ 1799;ΟΝΟΜΑ 1799
SR001800;ΕΠΩΝΥΜΟ 1800;ΟΝΟΜΑ 1800
SR001801;ΕΠΩΝΥΜΟ 1801;ΟΝΟΜΑ 1801
SR001802;ΕΠΩΝΥΜΟ 1802;ΟΝΟΜΑ 1802
SR001803;ΕΠΩΝΥΜΟ 1803;ΟΝΟΜΑ 1803
SR001804;ΕΠΩΝΥΜΟ 1804;ΟΝΟΜΑ 1804
SR001805;ΕΠΩΝΥΜΟ 1805;ΟΝΟΜΑ 1805
SR001806;ΕΠΩΝΥΜΟ 1806;ΟΝΟΜΑ 1806
SR001807;ΕΠΩΝΥΜΟ 1807;ΟΝΟΜΑ 1807
SR001808;ΕΠΩΝΥΜΟ 1808;ΟΝΟΜΑ 1808
SR001809;ΕΠΩΝΥΜΟ 1809;ΟΝΟΜΑ 1809
SR001810;ΕΠΩΝΥΜΟ 1810;ΟΝΟΜΑ 1810
SR001811;ΕΠΩΝΥΜΟ 1811;ΟΝΟΜΑ 1811
SR001812;ΕΠΩΝΥΜΟ 1812;ΟΝΟΜΑ 1812
SR001813;ΕΠΩΝΥΜΟ 1813;ΟΝΟΜΑ 1813
SR001814;ΕΠΩΝΥΜΟ 1814;ΟΝΟΜΑ 1814
SR001815;ΕΠΩΝΥΜΟ 1815;ΟΝΟΜΑ 1815
SR001816;ΕΠΩΝΥΜΟ 1816;ΟΝΟΜΑ 1816
SR001817;ΕΠΩΝΥΜΟ 1817;ΟΝΟΜΑ 1817
SR001818;ΕΠΩΝΥΜΟ 1818;ΟΝΟΜΑ 1818
SR001819;ΕΠΩΝΥΜΟ 1819;ΟΝΟΜΑ 1819
SR001820;ΕΠΩΝΥΜΟ 1820;ΟΝΟΜΑ 1820
SR001821;ΕΠΩΝΥΜΟ 1821;ΟΝΟΜΑ 1821
SR001822;ΕΠΩΝΥΜΟ 1822;ΟΝΟΜΑ 1822
SR001823;ΕΠΩΝΥΜΟ 1823;ΟΝΟΜΑ 1823
SR001824;ΕΠΩΝΥΜΟ 1824;ΟΝΟΜΑ 1824
SR001825;ΕΠΩΝΥΜΟ 1825;ΟΝΟΜΑ 1825
SR001826;ΕΠΩΝΥΜΟ 1826;ΟΝΟΜΑ 1826
SR001827;ΕΠΩΝΥΜΟ 1827;ΟΝΟΜΑ 1827
SR001828;ΕΠΩΝΥΜΟ 1828;ΟΝΟΜΑ 1828
SR001829;ΕΠΩΝΥΜΟ 1829;ΟΝΟΜΑ 1829
SR001830;ΕΠΩΝΥΜΟ 1830;ΟΝΟΜΑ 1830
SR001831;ΕΠΩΝΥΜΟ 1831;ΟΝΟΜΑ 1831
SR001832;ΕΠΩΝΥΜΟ 1832;ΟΝΟΜΑ 1832
SR001833;ΕΠΩΝΥΜΟ 1833;ΟΝΟΜΑ 1833
SR001834;ΕΠΩΝΥΜΟ 1834;ΟΝΟΜΑ 1834
SR001835;ΕΠΩΝΥΜΟ 1835;ΟΝΟΜΑ 1835
SR001836;ΕΠΩΝΥΜΟ 1836;ΟΝΟΜΑ 1836
SR001837;ΕΠΩΝΥΜΟ 1837;ΟΝΟΜΑ 1837
SR001838;ΕΠΩΝΥΜΟ 1838;ΟΝΟΜΑ 1838
SR001839;ΕΠΩΝΥΜΟ 1839;ΟΝΟΜΑ 1839
SR001840;ΕΠΩΝΥΜΟ 1840;ΟΝΟΜΑ 1840
SR001841;ΕΠΩΝΥΜΟ 1841;ΟΝΟΜΑ 1841
SR001842;ΕΠΩΝΥΜΟ 1842;ΟΝΟΜΑ 1842
SR001843;ΕΠΩΝΥΜΟ 1843;ΟΝΟΜΑ 1843
SR001844;ΕΠΩΝΥΜΟ 1844;ΟΝΟΜΑ 1844
SR001845;ΕΠΩΝΥΜΟ 1845;ΟΝΟΜΑ 1845
SR001846;ΕΠΩΝΥΜΟ 1846;ΟΝΟΜΑ 1846
SR001847;ΕΠΩΝΥΜΟ 1847;ΟΝΟΜΑ 1847
SR001848;ΕΠΩΝΥΜΟ 1848;ΟΝΟΜΑ 1848
SR001849;ΕΠΩΝΥΜΟ 1849;ΟΝΟΜΑ 1849
SR001850;ΕΠΩΝΥΜΟ 1850;ΟΝΟΜΑ 1850
SR001851;ΕΠΩΝΥΜΟ 1851;ΟΝΟΜΑ 1851
SR001852;ΕΠΩΝΥΜΟ 1852;ΟΝΟΜΑ 1852
SR001853;ΕΠΩΝΥΜΟ 1853;ΟΝΟΜΑ 1853
SR001854;ΕΠΩΝΥΜΟ 1854;ΟΝΟΜΑ 1854
SR001855;ΕΠΩΝΥΜΟ 1855;ΟΝΟΜΑ 1855
SR001856;ΕΠΩΝΥΜΟ 1856;ΟΝΟΜΑ 1856
SR001857;ΕΠΩΝΥΜΟ 1857;ΟΝΟΜΑ 1857
SR001858;ΕΠΩΝΥΜΟ 1858;ΟΝΟΜΑ 1858
SR001859;ΕΠΩΝΥΜΟ 1859;ΟΝΟΜΑ 1859
SR001860;ΕΠΩΝΥΜΟ 1860;ΟΝΟΜΑ 1860
SR001861;ΕΠΩΝΥΜΟ 1861;ΟΝΟΜΑ 1861
SR001862;ΕΠΩΝΥΜΟ 1862;ΟΝΟΜΑ 1862
SR001863;ΕΠΩΝΥΜΟ 1863;ΟΝΟΜΑ 1863
SR001864;ΕΠΩΝΥΜΟ 1864;ΟΝΟΜΑ 1864
SR001865;ΕΠΩΝΥΜΟ 1865;ΟΝΟΜΑ 1865
SR001866;ΕΠΩΝΥΜΟ 1866;ΟΝΟΜΑ 1866
SR001867;ΕΠΩΝΥΜΟ 1867;ΟΝΟΜΑ 1867
SR001868;ΕΠΩΝΥΜΟ 1868;ΟΝΟΜΑ 1868
SR001869;ΕΠΩΝΥΜΟ 1869;ΟΝΟΜΑ 1869
SR001870;ΕΠΩΝΥΜΟ 1870;ΟΝΟΜΑ 1870
SR001871;ΕΠΩΝΥΜΟ 1871;ΟΝΟΜΑ 1871
SR001872;ΕΠΩΝΥΜΟ 1872;ΟΝΟΜΑ 1872
SR001873;ΕΠΩΝΥΜΟ 1873;ΟΝΟΜΑ 1873
SR001874;ΕΠΩΝΥΜΟ 1874;ΟΝΟΜΑ 1874
SR001875;ΕΠΩΝΥΜΟ 1875;ΟΝΟΜΑ 1875
SR001876;ΕΠΩΝΥΜΟ 1876;ΟΝΟΜΑ 1876
SR001877;ΕΠΩΝΥΜΟ 1877;ΟΝΟΜΑ 1877
SR001878;ΕΠΩΝΥΜΟ 1878;ΟΝΟΜΑ 1878
SR001879;ΕΠΩΝΥΜΟ 1879;ΟΝΟΜΑ 1879
SR001880;ΕΠΩΝΥΜΟ 1880;ΟΝΟΜΑ 1880
SR001881;ΕΠΩΝΥΜΟ 1881;ΟΝΟΜΑ 1881
SR001882;ΕΠΩΝΥΜΟ 1882;ΟΝΟΜΑ 1882
SR001883;ΕΠΩΝΥΜΟ 1883;ΟΝΟΜΑ 1883
SR001884;ΕΠΩΝΥΜΟ 1884;ΟΝΟΜΑ 1884
SR001885;ΕΠΩΝΥΜΟ 1885;ΟΝΟΜΑ 1885
SR001886;ΕΠΩΝΥΜΟ 1886;ΟΝΟΜΑ 1886
SR001887;ΕΠΩΝΥΜΟ 1887;ΟΝΟΜΑ 1887
SR001888;ΕΠΩΝΥΜΟ 1888;ΟΝΟΜΑ 1888
SR001889;ΕΠΩΝΥΜΟ 1889;ΟΝΟΜΑ 1889
SR001890;ΕΠΩΝΥΜΟ 1890;ΟΝΟΜΑ 1890
SR001891;ΕΠΩΝΥΜΟ 1891;ΟΝΟΜΑ 1891
SR001892;ΕΠΩΝΥΜΟ 1892;ΟΝΟΜΑ 1892
SR001893;ΕΠΩΝΥΜΟ 1893;ΟΝΟΜΑ 1893
SR001894;ΕΠΩΝΥΜΟ 1894;ΟΝΟΜΑ 1894
SR001895;ΕΠΩΝΥΜΟ 1895;ΟΝΟΜΑ 1895
SR001896;ΕΠΩΝΥΜΟ 1896;ΟΝΟΜΑ 1896
SR001897;ΕΠΩΝΥΜΟ 1897;ΟΝΟΜΑ 1897
SR001898;ΕΠΩΝΥΜΟ 1898;ΟΝΟΜΑ 1898
SR001899;ΕΠΩΝΥΜΟ 1899;ΟΝΟΜΑ 1899
SR001900;ΕΠΩΝΥΜΟ 1900;ΟΝΟΜΑ 1900
SR001901;ΕΠΩΝΥΜΟ 1901;ΟΝΟΜΑ 1901
SR001902;ΕΠΩΝΥΜΟ 1902;ΟΝΟΜΑ 1902
SR001903;ΕΠΩΝΥΜΟ 1903;ΟΝΟΜΑ 1903
SR001904;ΕΠΩΝΥΜΟ 1904;ΟΝΟΜΑ 1904
SR001905;ΕΠΩΝΥΜΟ 1905;ΟΝΟΜΑ 1905
SR001906;ΕΠΩΝΥΜΟ 1906;ΟΝΟΜΑ 1906
SR001907;ΕΠΩΝΥΜΟ 1907;ΟΝΟΜΑ 1907
SR001908;ΕΠΩΝΥΜΟ 1908;ΟΝΟΜΑ 1908
SR001909;ΕΠΩΝΥΜΟ 1909;ΟΝΟΜΑ 1909
SR001910;ΕΠΩΝΥΜΟ 1910;ΟΝΟΜΑ 1910
SR001911;ΕΠΩΝΥΜΟ 1911;ΟΝΟΜΑ 1911
SR001912;ΕΠΩΝΥΜΟ 1912;ΟΝΟΜΑ 1912
SR001913;ΕΠΩΝΥΜΟ 1913;ΟΝΟΜΑ 1913
SR001914;ΕΠΩΝΥΜΟ 1914;ΟΝΟΜΑ 1914
SR001915;ΕΠΩΝΥΜΟ 1915;ΟΝΟΜΑ 1915
SR001916;ΕΠΩΝΥΜΟ 1916;ΟΝΟΜΑ 1916
SR001917;ΕΠΩΝΥΜΟ 1917;ΟΝΟΜΑ 1917
SR001918;ΕΠΩΝΥΜΟ 1918;ΟΝΟΜΑ 1918
SR001919;ΕΠΩΝΥΜΟ 1919;ΟΝΟΜΑ 1919
SR001920;ΕΠΩΝΥΜΟ 1920;ΟΝΟΜΑ 1920
SR001921;ΕΠΩΝΥΜΟ 1921;ΟΝΟΜΑ 1921
SR001922;ΕΠΩΝΥΜΟ 1922;ΟΝΟΜΑ 1922
SR001923;ΕΠΩΝΥΜΟ 1923;ΟΝΟΜΑ 1923
SR001924;ΕΠΩΝΥΜΟ 1924;ΟΝΟΜΑ 1924
SR001925;ΕΠΩΝΥΜΟ 1925;ΟΝΟΜΑ 1925
SR001926;ΕΠΩΝΥΜΟ 1926;ΟΝΟΜΑ 1926
SR001927;ΕΠΩΝΥΜΟ 1927;ΟΝΟΜΑ 1927
SR001928;ΕΠΩΝΥΜΟ 1928;ΟΝΟΜΑ 1928
SR001929;ΕΠΩΝΥΜΟ 1929;ΟΝΟΜΑ 1929
SR001930;ΕΠΩΝΥΜΟ 1930;ΟΝΟΜΑ 1930
SR001931;ΕΠΩΝΥΜΟ 1931;ΟΝΟΜΑ 1931
SR001932;ΕΠΩΝΥΜΟ 1932;ΟΝΟΜΑ 1932
SR001933;ΕΠΩΝΥΜΟ 1933;ΟΝΟΜΑ 1933
SR001934;ΕΠΩΝΥΜΟ 1934;ΟΝΟΜΑ 1934
SR001935;ΕΠΩΝΥΜΟ 1935;ΟΝΟΜΑ 1935
SR001936;ΕΠΩΝΥΜΟ 1936;ΟΝΟΜΑ 1936
SR001937;ΕΠΩΝΥΜΟ 1937;ΟΝΟΜΑ 1937
SR001938;ΕΠΩΝΥΜΟ 1938;ΟΝΟΜΑ 1938
SR001939;ΕΠΩΝΥΜΟ 1939;ΟΝΟΜΑ 1939
SR001940;ΕΠΩΝΥΜΟ 1940;ΟΝΟΜΑ 1940
SR001941;ΕΠΩΝΥΜΟ 1941;ΟΝΟΜΑ 1941
SR001942;ΕΠΩΝΥΜΟ 1942;ΟΝΟΜΑ 1942
SR001943;ΕΠΩΝΥΜΟ 1943;ΟΝΟΜΑ 1943
SR001944;ΕΠΩΝΥΜΟ 1944;ΟΝΟΜΑ 1944
SR001945;ΕΠΩΝΥΜΟ 1945;ΟΝΟΜΑ 1945
SR001946;ΕΠΩΝΥΜΟ 1946;ΟΝΟΜΑ 1946
SR001947;ΕΠΩΝΥΜΟ 1947;ΟΝΟΜΑ 1947
